FID,My_FID1,Placename,Alt_names,ModernName,Confidence,Notes,FID_Relate,Relation,Start_Date,End_Date,References,Type,Type_URL,X,Y,Time_span
132,1,Tecpán Guatemala,Tecpan Quauhtemalan;Tecpan Quauhtemala;Quauhtemala;Tecpan Cuauhtemala;Cuauhtemala,Tecpán Guatemala,1, ,0, ,30/12/1899 00:00:00,30/12/1899 00:00:00,HGIS_Indias, , ,-90.994686,14.762348,https://en.wikipedia.org/wiki/16th_century
103,2,Puerto de Acajutla, ,Puerto de Acajutla,1, ,0, ,30/12/1899 00:00:00,30/12/1899 00:00:00,GoogleMaps, , ,-89.83408079,13.57435334,https://en.wikipedia.org/wiki/16th_century
66,3,Acasahuastlán,Acazchuastlán;Cazehuastlán;Acazehuastlán,San Cristobal Acasaguastlán,1, ,0, ,30/12/1899 00:00:00,30/12/1899 00:00:00,HGIS_Indias, , ,-89.868,14.9265,https://en.wikipedia.org/wiki/16th_century
68,4,Acasingo, ,Acacingo,1, ,0, ,30/12/1899 00:00:00,30/12/1899 00:00:00,Del Paso y Troncoso 1905;Tanck de Estrada 2005: Atlas 1800, ,https://www2.usgs.gov/science/records-matching.php?thcode=3&code=850,-97.78194444,18.97972222,https://en.wikipedia.org/wiki/16th_century
39,5,Aguachapa,Ahuachapa,Ahuachapan,1, ,0, ,30/12/1899 00:00:00,30/12/1899 00:00:00,HGIS_Indias, , ,-89.84637,13.92374,https://en.wikipedia.org/wiki/16th_century
166,6,Río Aguachapa, ,Río Aguacapa,1, ,0, ,30/12/1899 00:00:00,30/12/1899 00:00:00,GoogleMaps,River,https://www2.usgs.gov/science/records-matching.php?thcode=3&code=960,-90.65064664,14.10054356,https://en.wikipedia.org/wiki/16th_century
90,7,Tizapa, , ,1, ,0, ,30/12/1899 00:00:00,30/12/1899 00:00:00,HGIS_Indias, , ,-92.611111,15.276944,https://en.wikipedia.org/wiki/16th_century
137,8,Lago de Amatitlán, ,Lago de Amatitlán,1, ,0, ,30/12/1899 00:00:00,30/12/1899 00:00:00,GoogleMaps,Lake,https://www2.usgs.gov/science/records-matching.php?thcode=3&code=596,-90.54658142,14.4363269,https://en.wikipedia.org/wiki/16th_century
181,9,Amayuca, , ,2,Dissapeared? Or near modern Obero,0, ,30/12/1899 00:00:00,30/12/1899 00:00:00,Solares 2004,Pueblo,https://www2.usgs.gov/science/records-matching.php?thcode=3&code=850,-90.83113975,14.03454956,https://en.wikipedia.org/wiki/16th_century
72,10,Ciudad de los Angeles, ,Heroica Puebla de Zaragoza,1, ,0, ,30/12/1899 00:00:00,30/12/1899 00:00:00,Del Paso y Troncoso 1905;Atlas 2010,Cabecera, ,-98.197222,19.043889,https://en.wikipedia.org/wiki/16th_century
86,11,Valle de Acaccuastlán, , ,2, ,0, ,30/12/1899 00:00:00,30/12/1899 00:00:00,Allocated by research,Valley,https://www2.usgs.gov/science/records-matching.php?thcode=3&code=1197,-89.96121547,14.91343395,https://en.wikipedia.org/wiki/16th_century
131,12,Comalapa, ,Comalapa,1, ,0, ,30/12/1899 00:00:00,30/12/1899 00:00:00,HGIS_Indias, , ,-90.88624,14.74142,https://en.wikipedia.org/wiki/16th_century
76,13,Apaneca, ,Apaneca,1, ,0, ,30/12/1899 00:00:00,30/12/1899 00:00:00,HGIS_Indias, , ,-89.804906,13.859318,https://en.wikipedia.org/wiki/16th_century
40,15,Ataco, ,Concepción de Ataco,1, ,0, ,30/12/1899 00:00:00,30/12/1899 00:00:00,HGIS_Indias, , ,-89.85107,13.86964,https://en.wikipedia.org/wiki/16th_century
182,16,Atempa Mazegua,Atempa Mazahua,San Pedro Masahuat,1, ,0, ,30/12/1899 00:00:00,30/12/1899 00:00:00,"Lardé y Larin, 1957:231",Pueblo,https://www2.usgs.gov/science/records-matching.php?thcode=3&code=850,-89.03667595,13.54501697,https://en.wikipedia.org/wiki/16th_century
119,17,Ateos,Ateo,Ateos,1, ,0, ,30/12/1899 00:00:00,30/12/1899 00:00:00,HGIS_Indias, , ,-89.428507,13.740552,https://en.wikipedia.org/wiki/16th_century
183,19,Atiquizaya, ,Atiquizaya,1, ,0, ,30/12/1899 00:00:00,30/12/1899 00:00:00,GeoNames_GT,Pueblo,https://www2.usgs.gov/science/records-matching.php?thcode=3&code=850,-89.75658214,13.97649453,https://en.wikipedia.org/wiki/16th_century
58,21,Laguna de Atitlán, , ,1, ,0, ,30/12/1899 00:00:00,30/12/1899 00:00:00,Located by research,Lake,https://www2.usgs.gov/science/records-matching.php?thcode=3&code=596,-91.18922763,14.69781601,https://en.wikipedia.org/wiki/16th_century
59,22,Volcanes de Atitlán, ,Volcán Atitlán,1, ,0, ,30/12/1899 00:00:00,30/12/1899 00:00:00,GoogleMaps,Volcano,https://www2.usgs.gov/science/records-matching.php?thcode=3&code=1209,-91.18646696,14.58189249,https://en.wikipedia.org/wiki/16th_century
0,23,Santiago Atitlán,Atitlán;Cakchequil;Cuauhtemala,Santiago Atitlán,1, ,0, ,30/12/1899 00:00:00,30/12/1899 00:00:00,GoogleMaps, , ,-91.22793,14.63796,https://en.wikipedia.org/wiki/16th_century
75,25,Ayutla, ,Ayutla,1, ,0, ,30/12/1899 00:00:00,30/12/1899 00:00:00,Gerhard 1972 SE Frontier;Tanck de Estrada 2005: Atlas 1800, , ,-92.16555556,14.5475,https://en.wikipedia.org/wiki/16th_century
50,26,Cacahuatán, ,Cacahoatán,1, ,0, ,30/12/1899 00:00:00,30/12/1899 00:00:00,Gerhard 1972 SE Frontier;GeoNames_MX, , ,-92.1638031,14.9919996,https://en.wikipedia.org/wiki/16th_century
106,27,Río de Cahabón, ,Río de Cahabón,1, ,0, ,30/12/1899 00:00:00,30/12/1899 00:00:00,Allocated by research,River,https://www2.usgs.gov/science/records-matching.php?thcode=3&code=960,-89.81004965,15.58603663,https://en.wikipedia.org/wiki/16th_century
17,28,Cahabón,Santa María Cahabón,Santa María Cahabón,1, ,0, ,30/12/1899 00:00:00,30/12/1899 00:00:00,HGIS_Indias, , ,-89.8114,15.6035,https://en.wikipedia.org/wiki/16th_century
67,29,San Agustín,San Agustín de la Real Corona,San Agustín Acasaguastlán,1, ,0, ,30/12/1899 00:00:00,30/12/1899 00:00:00,HGIS_Indias, , ,-89.968282,14.949438,https://en.wikipedia.org/wiki/16th_century
200,30,Santa Cruz Cahaboncillo,Santa Cruz Cabahoncillo,Santa Catalina la Tinta,1,7 leagues far from Tucurub,316,Near,30/12/1899 00:00:00,30/12/1899 00:00:00,Miles 1983: 122, , ,-89.88586649,15.3125905,https://en.wikipedia.org/wiki/16th_century
94,31,San Cristobal 3A3OH,3a3oh;San Cristóbal;San Cristóbal Cahcoh;Cahcoh,San Cristobal Verapaz,1, ,0, ,30/12/1899 00:00:00,30/12/1899 00:00:00,GeoNames_GT, , ,-90.56513,15.39632,https://en.wikipedia.org/wiki/16th_century
120,34,Caluco Izalco, ,Caluco,1, ,0, ,30/12/1899 00:00:00,30/12/1899 00:00:00,HGIS_Indias, , ,-89.6622,13.7235,https://en.wikipedia.org/wiki/16th_century
125,35,Camotlán, ,Camotán,1, ,0, ,30/12/1899 00:00:00,30/12/1899 00:00:00,HGIS_Indias, , ,-89.37232,14.81938,https://en.wikipedia.org/wiki/16th_century
140,37,Castilla, ,Madrid,1, ,0, ,30/12/1899 00:00:00,30/12/1899 00:00:00,Allocated by research, , ,-3.714204532,40.41846312,https://en.wikipedia.org/wiki/16th_century
184,38,Cecori, ,Sesori,1, ,0, ,30/12/1899 00:00:00,30/12/1899 00:00:00,Lardé y Larín 1957,Pueblo,https://www2.usgs.gov/science/records-matching.php?thcode=3&code=850,-88.36064844,13.72095005,https://en.wikipedia.org/wiki/16th_century
111,39,Citala, ,Citala,1, ,0, ,30/12/1899 00:00:00,30/12/1899 00:00:00, , , ,-89.2167,14.3667,https://en.wikipedia.org/wiki/16th_century
185,42,Coatán, ,Coatepeque,1, ,253,Near,30/12/1899 00:00:00,30/12/1899 00:00:00,Lardé y Larin 1957,Pueblo,https://www2.usgs.gov/science/records-matching.php?thcode=3&code=850,-89.49995882,13.92872128,https://en.wikipedia.org/wiki/16th_century
21,44,Cobán,Santo Domingo de Cobán;Santo Domingo,Cobán,1, ,0, ,30/12/1899 00:00:00,30/12/1899 00:00:00,HGIS_Indias, , ,-90.368549,15.470585,https://en.wikipedia.org/wiki/16th_century
9,48,Comayagua, ,Comayagua,1, ,0, ,30/12/1899 00:00:00,30/12/1899 00:00:00,HGIS_Indias, , ,-87.638143,14.451152,https://en.wikipedia.org/wiki/16th_century
107,49,Copán, ,Ruinas de Copán,1, ,0, ,30/12/1899 00:00:00,30/12/1899 00:00:00,GoogleMaps, , ,-89.14669835,14.83858128,https://en.wikipedia.org/wiki/16th_century
108,50,Río de Copán, ,Río de Copán,1, ,0, ,30/12/1899 00:00:00,30/12/1899 00:00:00,GoogleMaps,River,https://www2.usgs.gov/science/records-matching.php?thcode=3&code=960,-89.14774414,14.83258923,https://en.wikipedia.org/wiki/16th_century
8,55,Costa Rica,Cartago;Nueva Cartago,Cartago,1, ,0, ,30/12/1899 00:00:00,30/12/1899 00:00:00,HGIS_Indias, , ,-83.92088,9.86474,https://en.wikipedia.org/wiki/16th_century
54,58,Cuilco,Huey Cuilco, ,2, ,0, ,30/12/1899 00:00:00,30/12/1899 00:00:00,Gerhard 1972 SE Frontier;, , ,-92.55575,15.26158333,https://en.wikipedia.org/wiki/16th_century
135,59,Cuyotenango, ,Cuyotenango,1, ,0, ,30/12/1899 00:00:00,30/12/1899 00:00:00,HGIS_Indias, , ,-91.57116,14.53978,https://en.wikipedia.org/wiki/16th_century
180,62,Chagüite,Quauitle,Chaguite,1, ,0, ,30/12/1899 00:00:00,30/12/1899 00:00:00,HGIS_Indias, , ,-90.7835,14.35,https://en.wikipedia.org/wiki/16th_century
20,63,Chamelco,San Juan Chamelco;San Juan,San Juan Chamelco,1, ,0, ,30/12/1899 00:00:00,30/12/1899 00:00:00,HGIS_Indias, , ,-90.32823,15.42517,https://en.wikipedia.org/wiki/16th_century
129,64,Chapultique, ,Chapeltique,1, ,0, ,30/12/1899 00:00:00,30/12/1899 00:00:00,HGIS_Indias, , ,-88.263376,13.63566,https://en.wikipedia.org/wiki/16th_century
45,67,Chiapa de los Españoles,Chiapa,Chiapa (De Corzo),1, ,0, ,,,Acuña 1984;Tanck de Estrada 2005: Atlas 1800, ,https://www2.usgs.gov/science/records-matching.php?thcode=3&code=850,-93.01388889,16.70694444,https://en.wikipedia.org/wiki/16th_century
44,68,Chiapa de los Indios,Ciudad Real de Chiapa;Ciudad Real,San Cristobal de Las Casas,1, ,0, ,30/12/1899 00:00:00,30/12/1899 00:00:00,HGIS_Indias, , ,-92.63753,16.73695,https://en.wikipedia.org/wiki/16th_century
142,70,China, ,Beijing,1, ,0, ,30/12/1899 00:00:00,30/12/1899 00:00:00,Acuña 1987;Google Maps, ,https://www2.usgs.gov/science/records-matching.php?thcode=3&code=850,116.3910143,39.92383583,https://en.wikipedia.org/wiki/16th_century
110,74,Chiquimula de la Costa, ,Chiquimulilla,1, ,0, ,30/12/1899 00:00:00,30/12/1899 00:00:00,GoogleMaps, , ,-90.379,14.0842,https://en.wikipedia.org/wiki/16th_century
109,75,Chiquimula de la Sierra,Chiquimula,Chiquimula,1, ,0, ,30/12/1899 00:00:00,30/12/1899 00:00:00,HGIS_Indias, , ,-89.54405,14.80061,https://en.wikipedia.org/wiki/16th_century
105,76,Chixoy, ,Chixoy,1, ,0, ,30/12/1899 00:00:00,30/12/1899 00:00:00,Allocated by research,River,https://www2.usgs.gov/science/records-matching.php?thcode=3&code=960,-90.74672354,15.94364015,https://en.wikipedia.org/wiki/16th_century
71,78,Cholula, ,Cholula De Rivadabia,1, ,0, ,30/12/1899 00:00:00,30/12/1899 00:00:00,Del Paso y Troncoso 1905;Google Maps;INEGI: MEX_topoloc,Pueblo,https://www2.usgs.gov/science/records-matching.php?thcode=3&code=850,-98.30178095,19.05826785,https://en.wikipedia.org/wiki/16th_century
14,79,Choluteca,La Choluteca,Choluteca,1, ,0, ,30/12/1899 00:00:00,30/12/1899 00:00:00,HGIS_Indias, , ,-87.184592,13.300472,https://en.wikipedia.org/wiki/16th_century
73,85,Almolonga, ,Almolonga,1, ,0, ,30/12/1899 00:00:00,30/12/1899 00:00:00,HGIS_Indias, , ,-91.49413,14.81583,https://en.wikipedia.org/wiki/16th_century
154,92,Parramos, ,Parramos,1, ,0, ,30/12/1899 00:00:00,30/12/1899 00:00:00,HGIS_Indias, , ,-90.80189,14.60844,https://en.wikipedia.org/wiki/16th_century
29,95,Quezaltenango, ,Quezaltenango,1, ,0, ,30/12/1899 00:00:00,30/12/1899 00:00:00,HGIS_Indias, , ,-91.51907,14.84411,https://en.wikipedia.org/wiki/16th_century
25,96,San Miguel,Villa de San Miguel,San Miguel,1, ,0, ,30/12/1899 00:00:00,30/12/1899 00:00:00,HGIS_Indias, , ,-88.17722,13.48039,https://en.wikipedia.org/wiki/16th_century
95,102,Golfo Dulce, ,Golfo Dulce,1, ,0, ,30/12/1899 00:00:00,30/12/1899 00:00:00,GoogleMaps,Gulf,https://apps.usgs.gov/thesaurus/term-simple.php?thcode=3&code=473,-83.24493821,8.564733747,https://en.wikipedia.org/wiki/16th_century
96,103,Golfo del Papagayo, ,Golfo del Papagayo,1, ,0, ,30/12/1899 00:00:00,30/12/1899 00:00:00,GoogleMaps,Gulf,https://apps.usgs.gov/thesaurus/term-simple.php?thcode=3&code=473,-85.71282978,10.6809982,https://en.wikipedia.org/wiki/16th_century
187,104,La Gotera, ,San Francisco Gotera,1, ,0, ,30/12/1899 00:00:00,30/12/1899 00:00:00,Lardé y Larín 1957,Pueblo,https://www2.usgs.gov/science/records-matching.php?thcode=3&code=850,-88.10325421,13.69693335,https://en.wikipedia.org/wiki/16th_century
10,105,Gracias a Dios, ,Gracias a Dios,1, ,0, ,30/12/1899 00:00:00,30/12/1899 00:00:00,HGIS_Indias, , ,-88.58315,14.588723,https://en.wikipedia.org/wiki/16th_century
6,106,Granada, ,Granada,1, ,0, ,30/12/1899 00:00:00,30/12/1899 00:00:00,HGIS_Indias, , ,-85.958769,11.934729,https://en.wikipedia.org/wiki/16th_century
170,107,Río Sacapula,Río Grande,Río Chixoy,1, ,0, ,30/12/1899 00:00:00,30/12/1899 00:00:00,Allocated by research,River,https://www2.usgs.gov/science/records-matching.php?thcode=3&code=960,-91.09633257,15.28695671,https://en.wikipedia.org/wiki/16th_century
169,108,Río Guacalate, ,Río Guacalate,1, ,0, ,30/12/1899 00:00:00,30/12/1899 00:00:00,GoogleMaps,River,https://www2.usgs.gov/science/records-matching.php?thcode=3&code=960,-90.76259073,14.52981482,https://en.wikipedia.org/wiki/16th_century
79,111,Guanaguazapa, ,Guanagazapa,1, ,0, ,30/12/1899 00:00:00,30/12/1899 00:00:00,HGIS_Indias, , ,-90.641,14.2242,https://en.wikipedia.org/wiki/16th_century
7,112,Guatemala,Cuauhtemala;Guauhtemala;Quauhtemala;Ciudad Vieja;Ciudad Viaje de Guatemala;Cuauhtemalon,Antigua Guatemala,1, ,0, ,,,Acuña 1986;Google Maps, ,https://www2.usgs.gov/science/records-matching.php?thcode=3&code=850,-90.73486111,14.54983333,https://en.wikipedia.org/wiki/16th_century
117,113,Volcán Hun 4at,Volcán de Guatemala,Volcán de Agua,1, ,0, ,30/12/1899 00:00:00,30/12/1899 00:00:00,GoogleMaps,Volcano,https://www2.usgs.gov/science/records-matching.php?thcode=3&code=1209,-90.743,14.465,https://en.wikipedia.org/wiki/16th_century
97,114,Guaxaca,Oaxaca,Oaxaca De Juarez,1, ,0, ,,,Acuña 1984;INEGI: MEX_topoloc,City,https://www2.usgs.gov/science/records-matching.php?thcode=3&code=202,-96.72190157,17.0605374,https://en.wikipedia.org/wiki/16th_century
1,115,Guazacapán, ,Guazacapán,1, ,0, ,30/12/1899 00:00:00,30/12/1899 00:00:00,GoogleMaps, , ,-90.4165,14.0752,https://en.wikipedia.org/wiki/16th_century
98,116,Guexocingo, ,Huejotzingo,1, ,0, ,30/12/1899 00:00:00,30/12/1899 00:00:00,Acuña 1985;Tanck de Estrada 2005: Atlas 1800, ,https://www2.usgs.gov/science/records-matching.php?thcode=3&code=850,-98.40611111,19.16,https://en.wikipedia.org/wiki/16th_century
121,117,Guaymoco,Güeymoco,Guaymoco,1,Near Tonalá,0, ,30/12/1899 00:00:00,30/12/1899 00:00:00,Revene 2007,Pueblo,https://www2.usgs.gov/science/records-matching.php?thcode=3&code=850,-89.49964,13.74584,https://en.wikipedia.org/wiki/16th_century
74,118,Cabo de Higueras, ,Cabo de Honduras,1, ,0, ,30/12/1899 00:00:00,30/12/1899 00:00:00,Allocated by research,Cape,https://apps.usgs.gov/thesaurus/term-simple.php?thcode=3&code=168,-86.01041412,16.02514076,https://en.wikipedia.org/wiki/16th_century
81,120,Huehuetenango, ,Huehuetenango,1, ,0, ,,,HGIS_Indias, , ,-91.46949,15.32107,https://en.wikipedia.org/wiki/16th_century
53,121,Huehuetlán, ,Huehuetan,1, ,0, ,30/12/1899 00:00:00,30/12/1899 00:00:00,Gerhard 1972 SE Frontier;Tanck de Estrada 2005: Atlas 1800, , ,-92.38083333,15.01916667,https://en.wikipedia.org/wiki/16th_century
77,123,Huey Mango,Hueymango,Guaymango,1, ,0, ,30/12/1899 00:00:00,30/12/1899 00:00:00,HGIS_Indias, , ,-89.84467,13.74649,https://en.wikipedia.org/wiki/16th_century
100,125,Ilamapa, ,Islamapa,1, ,0, ,30/12/1899 00:00:00,30/12/1899 00:00:00,HGIS_Indias, , ,-92.439444,15.068056,https://en.wikipedia.org/wiki/16th_century
141,126,Islas del Poniente, ,Filipinas,1, ,0, ,30/12/1899 00:00:00,30/12/1899 00:00:00,Acuña 1985;GeoNames_MX,Island,https://www2.usgs.gov/science/records-matching.php?thcode=3&code=575,121.0099516,14.5990217,https://en.wikipedia.org/wiki/16th_century
189,127,Los Izalcos, ,"Izalco, Caluco, Nahuizalco",1,"It refers to four towns: Izalco, Caluco, Nahulingo and Tacuscalco.",0, ,30/12/1899 00:00:00,30/12/1899 00:00:00,Rodríguez Herrera 2007,Pueblo,https://www2.usgs.gov/science/records-matching.php?thcode=3&code=850,-89.68319105,13.74347108,https://en.wikipedia.org/wiki/16th_century
101,128,Izapa, ,Izapa,1, ,0, ,30/12/1899 00:00:00,30/12/1899 00:00:00,HGIS_Indias, , ,-90.8434,14.62269,https://en.wikipedia.org/wiki/16th_century
55,129,Izcuintepeque,Ixcuintla,Escuintla,2, ,0, ,30/12/1899 00:00:00,30/12/1899 00:00:00,Allocated by research, , ,-90.786,14.3006,https://en.wikipedia.org/wiki/16th_century
139,130,Izguatlán, ,Santa María Ixhuatán,1, ,0, ,30/12/1899 00:00:00,30/12/1899 00:00:00,HGIS_Indias, , ,-90.2747,14.19,https://en.wikipedia.org/wiki/16th_century
175,131,Izguipulas,Los Izguipulas,Esquipulas,1, ,0, ,30/12/1899 00:00:00,30/12/1899 00:00:00,HGIS_Indias, , ,-89.350021,14.564375,https://en.wikipedia.org/wiki/16th_century
2,132,Iztapan,Iztapa,Iztapan,1, ,0, ,30/12/1899 00:00:00,30/12/1899 00:00:00,GoogleMaps, , ,-90.716577,13.931836,https://en.wikipedia.org/wiki/16th_century
186,133,Iztepeque, ,San Cayetano Istepeque,1, ,0, ,30/12/1899 00:00:00,30/12/1899 00:00:00,GeoNames_GT,Pueblo,https://www2.usgs.gov/science/records-matching.php?thcode=3&code=850,-88.80858842,13.65042282,https://en.wikipedia.org/wiki/16th_century
82,134,Jacaltenango, ,Jacaltenango,1, ,0, ,,,HGIS_Indias, , ,-91.7137837,15.66505477,https://en.wikipedia.org/wiki/16th_century
173,135,Jalapa, ,Jalapa,1, ,0, ,30/12/1899 00:00:00,30/12/1899 00:00:00,HGIS_Indias, , ,-89.99002,14.63564,https://en.wikipedia.org/wiki/16th_century
127,136,Jiboga,Campos de Jiboga, ,2, ,0, ,30/12/1899 00:00:00,30/12/1899 00:00:00,Allocated by research, , ,-89.22129818,13.52619071,https://en.wikipedia.org/wiki/16th_century
126,137,Jocotlán, ,Jocotán,1, ,0, ,30/12/1899 00:00:00,30/12/1899 00:00:00,HGIS_Indias, , ,-89.390695,14.821197,https://en.wikipedia.org/wiki/16th_century
134,139,San Agustín,Lanquín,San Agustín Lanquín,1, ,0, ,30/12/1899 00:00:00,30/12/1899 00:00:00,GoogleMaps, , ,-89.98089244,15.57537831,https://en.wikipedia.org/wiki/16th_century
138,140,Río de Lempa, ,Río de Lempa,1, ,0, ,30/12/1899 00:00:00,30/12/1899 00:00:00,GoogleMaps,River,https://www2.usgs.gov/science/records-matching.php?thcode=3&code=960,-88.75706882,13.99015378,https://en.wikipedia.org/wiki/16th_century
37,141,León, ,León,1, ,0, ,30/12/1899 00:00:00,30/12/1899 00:00:00,HGIS_Indias, , ,-86.877485,12.434839,https://en.wikipedia.org/wiki/16th_century
192,143,Pueblo de la Madalena,Madalena, ,2,Sureste de Verapaz,283,Depends on,30/12/1899 00:00:00,30/12/1899 00:00:00,GeoNames_GT,Estancia, ,-91.12664445,14.64130336,https://en.wikipedia.org/wiki/16th_century
144,146,Mar del Norte, , ,2, ,0, ,,,Acuña 1984;Allocated by research,Sea,https://www2.usgs.gov/science/records-matching.php?thcode=3&code=1015,-94.64480019,20.00849701,https://en.wikipedia.org/wiki/16th_century
145,147,Mar del Sur, , ,2, ,0, ,,,Acuña 1984;Allocated by research,Sea,https://www2.usgs.gov/science/records-matching.php?thcode=3&code=1015,-97.03376054,14.27338344,https://en.wikipedia.org/wiki/16th_century
146,148,Mazagua, ,Masagua,1, ,0, ,30/12/1899 00:00:00,30/12/1899 00:00:00,HGIS_Indias, , ,-90.848,14.20300012,https://en.wikipedia.org/wiki/16th_century
51,150,Mazatlán, ,Mazatlan,1, ,0, ,30/12/1899 00:00:00,30/12/1899 00:00:00,Gerhard 1972 SE Frontier;GSE_NGA, , ,-92.4503,14.863193,https://en.wikipedia.org/wiki/16th_century
171,151,México, ,Museo del Templo Mayor,1, ,0, ,30/12/1899 00:00:00,,Acuña 1986;Google Maps;Tanck de Estrada 2005: Atlas 1800, ,https://www2.usgs.gov/science/records-matching.php?thcode=3&code=850,-99.1313711,19.43492025,https://en.wikipedia.org/wiki/16th_century
165,152,Río Michatoya, ,Río Michatoya,1, ,0, ,30/12/1899 00:00:00,30/12/1899 00:00:00,GoogleMaps,River,https://www2.usgs.gov/science/records-matching.php?thcode=3&code=960,-90.65722809,14.09878639,https://en.wikipedia.org/wiki/16th_century
172,153,Michoacán, ,Tzintzuntzan,1, ,307,Depends on,30/12/1899 00:00:00,30/12/1899 00:00:00,Acuña 1987;Carrillo Cazares 1996,Barrio, ,-101.573402,19.62326,https://en.wikipedia.org/wiki/16th_century
43,155,Milpas del Valle, , ,2, ,0, ,30/12/1899 00:00:00,30/12/1899 00:00:00,Allocated by research, , ,-90.75182701,14.51241465,https://en.wikipedia.org/wiki/16th_century
174,156,Mitla, ,Mita,1, ,0, ,30/12/1899 00:00:00,30/12/1899 00:00:00,HGIS_Indias, , ,-89.710938,14.334267,https://en.wikipedia.org/wiki/16th_century
179,158,Mixtlán,Miztlán,San Juan Mixtan,1, ,0, ,30/12/1899 00:00:00,30/12/1899 00:00:00,HGIS_Indias, , ,-90.8332,14.217,https://en.wikipedia.org/wiki/16th_century
147,159,Moncagua, ,Moncagua,1, ,0, ,30/12/1899 00:00:00,30/12/1899 00:00:00,HGIS_Indias, , ,-88.2553,13.5334,https://en.wikipedia.org/wiki/16th_century
148,163,Motagua, ,Motagua,1, ,0, ,30/12/1899 00:00:00,30/12/1899 00:00:00,GoogleMaps,River,https://www2.usgs.gov/science/records-matching.php?thcode=3&code=960,-90.39193155,14.87388833,https://en.wikipedia.org/wiki/16th_century
168,164,Río Motagua, ,Río Motagua,1, ,0, ,30/12/1899 00:00:00,30/12/1899 00:00:00,GoogleMaps,River,https://www2.usgs.gov/science/records-matching.php?thcode=3&code=960,-90.36983742,14.87276656,https://en.wikipedia.org/wiki/16th_century
149,166,Motocintla, ,Motozintla de Mendoza,1, ,0, ,30/12/1899 00:00:00,30/12/1899 00:00:00,GoogleMaps, , ,-92.24751286,15.36567814,https://en.wikipedia.org/wiki/16th_century
62,167,Río Nagualá,Río Nahualat, ,2, ,0, ,30/12/1899 00:00:00,30/12/1899 00:00:00,Allocated by research,River,https://www2.usgs.gov/science/records-matching.php?thcode=3&code=960,-91.39950127,14.53768221,https://en.wikipedia.org/wiki/16th_century
61,168,Nahualapa,Nagualat;San Juan de Nahualapa,Nahualate,1, ,0, ,30/12/1899 00:00:00,30/12/1899 00:00:00,GeoNames_GT, , ,-91.39801,14.5365,https://en.wikipedia.org/wiki/16th_century
150,169,Nahuatlán, ,Nahuatán,1, ,0, ,30/12/1899 00:00:00,30/12/1899 00:00:00,HGIS_Indias, , ,-92.017,14.7734,https://en.wikipedia.org/wiki/16th_century
122,170,Naolingo, ,Naulingo,1, ,0, ,30/12/1899 00:00:00,30/12/1899 00:00:00,HGIS_Indias, , ,-89.7126,13.7035,https://en.wikipedia.org/wiki/16th_century
4,173,Nestiquipaque,Nesticpac, ,2, ,0, ,30/12/1899 00:00:00,30/12/1899 00:00:00,Allocated by research, , ,-90.41108027,14.12925016,https://en.wikipedia.org/wiki/16th_century
136,174,Lago de Nicaragua, ,Lago de Nicaragua,1, ,0, ,30/12/1899 00:00:00,30/12/1899 00:00:00,GoogleMaps,Lake,https://www2.usgs.gov/science/records-matching.php?thcode=3&code=596,-85.36867924,11.50290638,https://en.wikipedia.org/wiki/16th_century
5,175,Nicoya, ,Nicoya,1, ,0, ,30/12/1899 00:00:00,30/12/1899 00:00:00,HGIS_Indias, , ,-85.453805,10.143562,https://en.wikipedia.org/wiki/16th_century
193,177,Río Nito,Río Dulce, ,1, ,0, ,30/12/1899 00:00:00,30/12/1899 00:00:00,GeoNames_GT,River,https://www2.usgs.gov/science/records-matching.php?thcode=3&code=960,-88.75417877,15.81450775,https://en.wikipedia.org/wiki/16th_century
190,178,Nixapa, ,Nejapa,1,3 leagues far from San Salvador,0, ,30/12/1899 00:00:00,30/12/1899 00:00:00,Lardé y Larín 1957: 256,Pueblo,https://www2.usgs.gov/science/records-matching.php?thcode=3&code=850,-89.23089602,13.8137199,https://en.wikipedia.org/wiki/16th_century
91,179,Nombre de Dios, , ,1, ,0, ,30/12/1899 00:00:00,30/12/1899 00:00:00,HGIS_Indias, , ,-79.46933698,9.579125735,https://en.wikipedia.org/wiki/16th_century
33,180,San Juan,San Juan de los Nunualcos,San Juan Nonualco,1,Los Nonoalcos,0, ,30/12/1899 00:00:00,30/12/1899 00:00:00,GoogleMaps, , ,-88.89225092,13.50909101,https://en.wikipedia.org/wiki/16th_century
34,181,Santiago,Santiago de los Nunualcos,Santiago Nonualco,1,Los Nonoalcos,0, ,30/12/1899 00:00:00,30/12/1899 00:00:00,GoogleMaps, , ,-88.93836078,13.51255754,https://en.wikipedia.org/wiki/16th_century
89,184,Ocelocalco, , ,2,Disappeared,0, ,30/12/1899 00:00:00,30/12/1899 00:00:00,Allocated by research, , ,-92.71026019,15.30358252,https://en.wikipedia.org/wiki/16th_century
151,185,Ocozingo, ,Ocosingo,1, ,0, ,30/12/1899 00:00:00,30/12/1899 00:00:00,HGIS_Indias, , ,-92.096111,16.907222,https://en.wikipedia.org/wiki/16th_century
38,186,Olancho,Nueva Segovia,Quilali,1, ,0, ,30/12/1899 00:00:00,30/12/1899 00:00:00,HGIS_Indias, , ,-86.03186752,13.56576109,https://en.wikipedia.org/wiki/16th_century
152,187,Olocuilta, ,Olocuilta,1, ,0, ,30/12/1899 00:00:00,30/12/1899 00:00:00,HGIS_Indias, , ,-89.11608,13.56597,https://en.wikipedia.org/wiki/16th_century
153,189,Ostuncalco,San Juan,San Juan Ostuncalco ,1,,0,,30/12/1899 00:00:00,30/12/1899 00:00:00,HGIS_Indias,,,-91.6214,14.86899,https://en.wikipedia.org/wiki/16th_century
118,191,Volcán Oxi 4ahol, ,Volcán de Acatenango,1, ,0, ,30/12/1899 00:00:00,30/12/1899 00:00:00,Allocated by research,Volcano,https://www2.usgs.gov/science/records-matching.php?thcode=3&code=1209,-90.87567,14.5007,https://en.wikipedia.org/wiki/16th_century
92,193,Panamá, ,Panamá,1, ,0, ,30/12/1899 00:00:00,30/12/1899 00:00:00,HGIS_Indias, , ,-79.53472,8.95234,https://en.wikipedia.org/wiki/16th_century
155,195,Patulul,Santa Magdalena,Patulul,1, ,0, ,30/12/1899 00:00:00,30/12/1899 00:00:00,HGIS_Indias, , ,-91.16,14.4234,https://en.wikipedia.org/wiki/16th_century
102,196,Patzicía,Pazicía,Patzicia,1, ,0, ,30/12/1899 00:00:00,30/12/1899 00:00:00,HGIS_Indias, , ,-90.92528,14.63127,https://en.wikipedia.org/wiki/16th_century
27,197,Patzum,Pazón,Patzum,1, ,0, ,30/12/1899 00:00:00,30/12/1899 00:00:00,HGIS_Indias, , ,-91.0135,14.684,https://en.wikipedia.org/wiki/16th_century
26,198,Petapa, ,Petapa,1, ,0, ,30/12/1899 00:00:00,30/12/1899 00:00:00,HGIS_Indias, , ,-90.59529249,14.52844784,https://en.wikipedia.org/wiki/16th_century
191,199,Petén Itzá,Ah Itza,Flores,1,It also refers to al the region of the Lake Petén Itzá. Flores is an island in this lake.,0, ,30/12/1899 00:00:00,30/12/1899 00:00:00,GeoNames_GT,Pueblo,https://www2.usgs.gov/science/records-matching.php?thcode=3&code=850,-89.89187127,16.93035929,https://en.wikipedia.org/wiki/16th_century
195,200,San Andrés Polochic, , ,2,Dissapeared? Or near modern Cahaboncito. Verapaz.  According to Thompson (1990) it is dissapeard. But its location could be infered by the measures of distances and information in the Relación.,0, ,30/12/1899 00:00:00,30/12/1899 00:00:00,Thompson 1990,Pueblo,https://www2.usgs.gov/science/records-matching.php?thcode=3&code=850,-89.56954074,15.44472365,https://en.wikipedia.org/wiki/16th_century
162,201,Río Polochic, ,Río Polochic,1, ,0, ,30/12/1899 00:00:00,30/12/1899 00:00:00,GoogleMaps,River,https://www2.usgs.gov/science/records-matching.php?thcode=3&code=960,-89.48497842,15.39746693,https://en.wikipedia.org/wiki/16th_century
12,203,Puerto de Caballos, ,Puerto Cortés,1, ,0, ,30/12/1899 00:00:00,30/12/1899 00:00:00,HGIS_Indias, , ,-87.94368,15.84611,https://en.wikipedia.org/wiki/16th_century
164,207,Río Quiquizat, ,Río La Perla o San Pedro,2, ,0, ,30/12/1899 00:00:00,30/12/1899 00:00:00,Allocated by research, , ,-89.50010336,13.57477359,https://en.wikipedia.org/wiki/16th_century
156,208,Rabinal,Robonal;Tequecistlán,Rabinal,1, ,0, ,30/12/1899 00:00:00,30/12/1899 00:00:00,HGIS_Indias, , ,-90.4861,15.082,https://en.wikipedia.org/wiki/16th_century
36,211,Villa del Realejo,Puerto del Realejo,El Realejo,1, ,0, ,30/12/1899 00:00:00,30/12/1899 00:00:00,HGIS_Indias, , ,-87.166277,12.544002,https://en.wikipedia.org/wiki/16th_century
104,213,Sacapula, ,Sacapulas,1, ,0, ,30/12/1899 00:00:00,30/12/1899 00:00:00,HGIS_Indias, , ,-91.0891,15.2885,https://en.wikipedia.org/wiki/16th_century
35,214,Sacatecoluca,Zacatecoluca,Zacatecolula,1,Los Nonoalcos,0, ,30/12/1899 00:00:00,30/12/1899 00:00:00,HGIS_Indias, , ,-88.869958,13.508973,https://en.wikipedia.org/wiki/16th_century
194,215,Sacatepeque, ,San Martín Sacatepequez,1, ,0, ,30/12/1899 00:00:00,30/12/1899 00:00:00,GeoNames_GT,Pueblo,https://www2.usgs.gov/science/records-matching.php?thcode=3&code=850,-91.65302947,14.8129717,https://en.wikipedia.org/wiki/16th_century
178,216,Sierras de Sacatepéquez, ,Sacatepéquez,2, ,0, ,30/12/1899 00:00:00,30/12/1899 00:00:00,GoogleMaps,Mountain Range,https://www2.usgs.gov/science/records-matching.php?thcode=3&code=708,-90.7929131,14.43027891,https://en.wikipedia.org/wiki/16th_century
28,217,Salamá, ,Salamá,1, ,0, ,30/12/1899 00:00:00,30/12/1899 00:00:00,HGIS_Indias, , ,-90.31983,15.10053,https://en.wikipedia.org/wiki/16th_century
167,219,Río Samalá, ,Río Samalá,1, ,0, ,30/12/1899 00:00:00,30/12/1899 00:00:00,GoogleMaps,River,https://www2.usgs.gov/science/records-matching.php?thcode=3&code=960,-91.70245765,14.36992111,https://en.wikipedia.org/wiki/16th_century
161,221,San Andrés,Xahuac Tepetl;Qui Oh,San Andrés Semetabaj,1, ,0, ,30/12/1899 00:00:00,30/12/1899 00:00:00, , , ,-91.13279,14.7454,https://en.wikipedia.org/wiki/16th_century
65,226,San Bernardino Samayaque,San Bernardino,San Bernardino,1, ,335,Depends on,30/12/1899 00:00:00,30/12/1899 00:00:00,GeoNames_GT,Pueblo,https://www2.usgs.gov/science/records-matching.php?thcode=3&code=850,-91.45811,14.5424,https://en.wikipedia.org/wiki/16th_century
115,228,San Francisco, , ,2, ,0, ,30/12/1899 00:00:00,30/12/1899 00:00:00,HGIS_Indias,Estancia, ,-91.24513546,14.64049163,https://en.wikipedia.org/wiki/16th_century
133,229,Convento de San Francisco, ,Santuario San Francisco el Grande,1, ,0, ,30/12/1899 00:00:00,30/12/1899 00:00:00,GoogleMaps, , ,-90.72880654,14.55370652,https://en.wikipedia.org/wiki/16th_century
57,230,San Francisco Zapotitlán, ,San Francisco Zapotitlán,1, ,0, ,30/12/1899 00:00:00,30/12/1899 00:00:00,HGIS_Indias, , ,-91.52094,14.58867,https://en.wikipedia.org/wiki/16th_century
128,233,Cerro de San Juan, , ,2, ,0, ,30/12/1899 00:00:00,30/12/1899 00:00:00,Allocated by research,Hill,https://www2.usgs.gov/science/records-matching.php?thcode=3&code=710,-87.02803599,13.27267499,https://en.wikipedia.org/wiki/16th_century
113,234,San Juan de Ulúa, ,Castillo San Juan de Ulúa,1, ,0, ,,,Acuña 1984;Toponimos50k, ,https://www2.usgs.gov/science/records-matching.php?thcode=3&code=850,-96.12785417,19.21096055,https://en.wikipedia.org/wiki/16th_century
196,239,San Luis, ,San Luis,2, ,95,Depends on,30/12/1899 00:00:00,30/12/1899 00:00:00,GeoNames_GT,Pueblo,https://www2.usgs.gov/science/records-matching.php?thcode=3&code=850,-91.64373987,14.59756881,https://en.wikipedia.org/wiki/16th_century
83,241,San Mateo Ixtatán, ,San Mateo Ixtatán,1, ,0, ,,,HGIS_Indias, , ,-91.47306,15.83087,https://en.wikipedia.org/wiki/16th_century
197,243,San Pablo, ,Telemán,2,"Verapaz. According to Miles (1983) This town is Telemán, but the Relación mentions is 5 leagues far from Cahaboncillo. In the modern map there is a San Pablo that is actually this far from modern Santa Cruz Cahaboncillo. Its coordinates are: 15.353307894",0, ,30/12/1899 00:00:00,30/12/1899 00:00:00,Miles 1983: 122,Pueblo,https://www2.usgs.gov/science/records-matching.php?thcode=3&code=850,-89.73180017,15.34063629,https://en.wikipedia.org/wiki/16th_century
64,244,San Pablo Zamayaque,San Pablo,San Pablo Jocopilas,1, ,335,Depends on,30/12/1899 00:00:00,30/12/1899 00:00:00,GeoNames_GT,Pueblo,https://www2.usgs.gov/science/records-matching.php?thcode=3&code=850,-91.45188,14.58882,https://en.wikipedia.org/wiki/16th_century
114,247,Volcán de San Pedro,Volcán de Fuego,Volcán de San Pedro,1, ,0, ,30/12/1899 00:00:00,30/12/1899 00:00:00,GoogleMaps,Volcano,https://www2.usgs.gov/science/records-matching.php?thcode=3&code=1209,-91.26583,14.65583,https://en.wikipedia.org/wiki/16th_century
22,250,San Pedro Sula, ,San Pedro Sula,1, ,0, ,30/12/1899 00:00:00,30/12/1899 00:00:00,HGIS_Indias, , ,-88.02413,15.50507,https://en.wikipedia.org/wiki/16th_century
13,251,San Salvador, ,San Salvador,1, ,0, ,30/12/1899 00:00:00,30/12/1899 00:00:00,HGIS_Indias, , ,-89.20681,13.69966,https://en.wikipedia.org/wiki/16th_century
130,253,Santa Ana, ,Santa Ana,1, ,0, ,30/12/1899 00:00:00,30/12/1899 00:00:00,HGIS_Indias, , ,-89.557193,13.990871,https://en.wikipedia.org/wiki/16th_century
198,254,Santa Bárbara, ,Santa Bárbara,2, ,23,Depends on,30/12/1899 00:00:00,30/12/1899 00:00:00,GeoNames_GT,Estancia, ,-91.22695961,14.43573701,https://en.wikipedia.org/wiki/16th_century
199,256,Santa Catarina lxtlahuacán, ,Santa Catarina Ixtahuacán,1, ,0, ,30/12/1899 00:00:00,30/12/1899 00:00:00,GeoNames_GT,Pueblo,https://www2.usgs.gov/science/records-matching.php?thcode=3&code=850,-91.359447,14.79824809,https://en.wikipedia.org/wiki/16th_century
93,257,Santa Cruz, ,Santa Cruz de Verapaz,1, ,0, ,30/12/1899 00:00:00,30/12/1899 00:00:00, , , ,-90.4247,15.3739,https://en.wikipedia.org/wiki/16th_century
201,258,Santa Inés, ,Santa Inés Petapa,1, ,0, ,30/12/1899 00:00:00,30/12/1899 00:00:00,GeoNames_GT,Pueblo,https://www2.usgs.gov/science/records-matching.php?thcode=3&code=850,-90.53942793,14.48472054,https://en.wikipedia.org/wiki/16th_century
158,264,Santo Tomás la Unión, ,Santo Tomás la Unión,1, ,0, ,30/12/1899 00:00:00,30/12/1899 00:00:00,GeoNames_GT, , ,-91.41075,14.63219,https://en.wikipedia.org/wiki/16th_century
46,267,Soconusco, ,Soconusco,1, ,0, ,30/12/1899 00:00:00,30/12/1899 00:00:00,Acuña 1984;GeoNames_MX, ,https://www2.usgs.gov/science/records-matching.php?thcode=3&code=850,-92.7268982,15.3163996,https://en.wikipedia.org/wiki/16th_century
23,268,Sonsonate,Zenzonatl;Villa de la Trinidad;Cenzonatle,Sonsonate,1, ,0, ,30/12/1899 00:00:00,30/12/1899 00:00:00,HGIS_Indias, , ,-89.72709624,13.72041183,https://en.wikipedia.org/wiki/16th_century
56,269,Suchitepeque,San Antonio Suchitepeque;Suchitepéquez;Xuchitepéquez;San Antonio;San Antonio Suchitepéquez,San Antonio Suchitepequez,1, ,0, ,30/12/1899 00:00:00,30/12/1899 00:00:00,GeoNames_GT, , ,-91.41442,14.53938,https://en.wikipedia.org/wiki/16th_century
157,272,Suchitotos,Santa Lucía de Suchitotos,Suchitoto,1, ,0, ,30/12/1899 00:00:00,30/12/1899 00:00:00,HGIS_Indias, , ,-89.0262,13.9354,https://en.wikipedia.org/wiki/16th_century
177,273,Tabasco, ,Villahermosa,1, ,0, ,30/12/1899 00:00:00,30/12/1899 00:00:00,De la Garza 1983;Atlas 2010,Pueblo,https://www2.usgs.gov/science/records-matching.php?thcode=3&code=850,-92.919167,17.987778,https://en.wikipedia.org/wiki/16th_century
18,274,Tactic,Santa María Tactic,Tactic,1, ,0, ,30/12/1899 00:00:00,30/12/1899 00:00:00,HGIS_Indias, , ,-90.35051,15.31862,https://en.wikipedia.org/wiki/16th_century
41,275,Tacuba, ,Tacuba,1, ,0, ,30/12/1899 00:00:00,30/12/1899 00:00:00,HGIS_Indias, , ,-89.93209,13.90047,https://en.wikipedia.org/wiki/16th_century
123,276,Tacuescalco,Tacuscalco, ,1, ,0, ,30/12/1899 00:00:00,30/12/1899 00:00:00,HGIS_Indias, , ,-89.732002,13.73212,https://en.wikipedia.org/wiki/16th_century
80,277,Taculula, ,Santa Maria Tacuilula,1, ,0, ,30/12/1899 00:00:00,30/12/1899 00:00:00,HGIS_Indias, , ,-90.5167,14.1001,https://en.wikipedia.org/wiki/16th_century
19,278,Tamahún,San Esteban Tamahún;San Esteban,Tamahú,1, ,0, ,30/12/1899 00:00:00,30/12/1899 00:00:00,HGIS_Indias, , ,-90.23471,15.30709,https://en.wikipedia.org/wiki/16th_century
176,279,Tasisco,Tlaxisco,Taxisco,1, ,0, ,30/12/1899 00:00:00,30/12/1899 00:00:00,HGIS_Indias, , ,-90.46426,14.07003,https://en.wikipedia.org/wiki/16th_century
32,281,Tecolula,Tecoluca,Tecolula,1, ,0, ,30/12/1899 00:00:00,30/12/1899 00:00:00,HGIS_Indias, , ,-88.7803,13.5372,https://en.wikipedia.org/wiki/16th_century
3,283,Tecpán Atitlán, ,Sosolá,1, ,0, ,30/12/1899 00:00:00,30/12/1899 00:00:00,GoogleMaps, , ,-91.18202,14.7708,https://en.wikipedia.org/wiki/16th_century
124,284,Tecpán Izalco, ,Izalco,1, ,0, ,30/12/1899 00:00:00,30/12/1899 00:00:00,HGIS_Indias, , ,-89.674616,13.745628,https://en.wikipedia.org/wiki/16th_century
202,289,Sierras de los Teczahuangos,Sierra de los Tecxacuangos, ,1,"Portion of the Coastal Chain that extends south of San Salvador and in which are the towns of Santiago, Santo Tomás and San Marcos Texacuangos",0, ,30/12/1899 00:00:00,30/12/1899 00:00:00,Lardé y Larín 1976: 220,Mountain Range,https://www2.usgs.gov/science/records-matching.php?thcode=3&code=708,-89.14548961,13.64475059,https://en.wikipedia.org/wiki/16th_century
159,290,Tehuantepeque, ,Santo Domingo Tehuantepec,1, ,0, ,,,Acuña 1984;INEGI: MEX_topoloc,Villa, ,-95.24141798,16.32140045,https://en.wikipedia.org/wiki/16th_century
99,291,Teguzgalpa,Honduras,Tegucigalpa,1, ,0, ,30/12/1899 00:00:00,30/12/1899 00:00:00,GoogleMaps, , ,-87.20913995,14.08773742,https://en.wikipedia.org/wiki/16th_century
69,293,Tepeaca, ,Tepeaca,1, ,0, ,30/12/1899 00:00:00,30/12/1899 00:00:00,Del Paso y Troncoso 1905;INEGI: MEX_topoloc,Pueblo,https://www2.usgs.gov/science/records-matching.php?thcode=3&code=850,-97.90341921,18.96581899,https://en.wikipedia.org/wiki/16th_century
78,294,Tepeaco, ,Tepeaco,1, ,0, ,30/12/1899 00:00:00,30/12/1899 00:00:00,HGIS_Indias, , ,-90.55,14.1334,https://en.wikipedia.org/wiki/16th_century
160,295,Tequecistepeque, ,Texistepeque,1, ,0, ,30/12/1899 00:00:00,30/12/1899 00:00:00,HGIS_Indias, , ,-89.496502,14.123564,https://en.wikipedia.org/wiki/16th_century
143,297,Laguna de Términos, ,Laguna de Términos,1, ,0, ,30/12/1899 00:00:00,30/12/1899 00:00:00,Gerhard 1972 SE Frontier;GeoNames_MX,Lake,https://www2.usgs.gov/science/records-matching.php?thcode=3&code=596,-91.495903,18.6210995,https://en.wikipedia.org/wiki/16th_century
88,301,Tilapa, , ,1, ,0, ,30/12/1899 00:00:00,30/12/1899 00:00:00, , , ,-92.17356682,14.49952148,https://en.wikipedia.org/wiki/16th_century
203,303,Tiltepeque, ,San Juan Tiltepec,1, ,0, ,30/12/1899 00:00:00,30/12/1899 00:00:00,GeoNames_GT,Pueblo,https://www2.usgs.gov/science/records-matching.php?thcode=3&code=850,-93.81527177,16.11000903,https://en.wikipedia.org/wiki/16th_century
87,304,Tizapa, , ,2, ,0, ,30/12/1899 00:00:00,30/12/1899 00:00:00,Allocated by research, , ,-89.78377313,13.84850015,https://en.wikipedia.org/wiki/16th_century
48,305,Tlapachula, ,Tapachula,1, ,0, ,30/12/1899 00:00:00,30/12/1899 00:00:00,Gerhard 1972 SE Frontier;Tanck de Estrada 2005: Atlas 1800, , ,-92.26055556,14.90805556,https://en.wikipedia.org/wiki/16th_century
70,307,Tlaxcala, ,Tlaxcala,1, ,0, ,30/12/1899 00:00:00,30/12/1899 00:00:00,Del Paso y Troncoso 1905;Google Maps;Tanck de Estrada 2005: Atlas 1800, ,https://www2.usgs.gov/science/records-matching.php?thcode=3&code=850,-98.23772243,19.31748594,https://en.wikipedia.org/wiki/16th_century
60,308,Tolimán,Tolimán Alto;Tolimán Bajo;Tulimán;Tulimanes;San Lucas;San Lucas Tolimán, ,1, ,0, ,30/12/1899 00:00:00,30/12/1899 00:00:00,HGIS_Indias, , ,-91.14029,14.63374,https://en.wikipedia.org/wiki/16th_century
47,310,Tonalá, ,Tonalá,1, ,0, ,30/12/1899 00:00:00,30/12/1899 00:00:00,Gerhard 1972 SE Frontier;GeoNames_MX, , ,-93.7593002,16.0867996,https://en.wikipedia.org/wiki/16th_century
30,312,Totonicapa, ,Totonicapa,1, ,0, ,30/12/1899 00:00:00,30/12/1899 00:00:00,HGIS_Indias, , ,-91.35983,14.91124,https://en.wikipedia.org/wiki/16th_century
11,314,Trujillo, ,Trujillo,1, ,0, ,30/12/1899 00:00:00,30/12/1899 00:00:00,HGIS_Indias, , ,-85.955223,15.917268,https://en.wikipedia.org/wiki/16th_century
16,316,Tucurub,San Miguel Tucurub,San Miguel Tucuru,1, ,324,Depends on,30/12/1899 00:00:00,30/12/1899 00:00:00,HGIS_Indias,Estancia, ,-90.11849,15.294,https://en.wikipedia.org/wiki/16th_century
52,317,Tustla,Tuxtla;Tuxtla-Cacaguatán;Cacaguatán,Tuxtla Chico,1, ,0, ,30/12/1899 00:00:00,30/12/1899 00:00:00,Gerhard 1972 SE Frontier;Tanck de Estrada 2005: Atlas 1800, , ,-92.16805556,14.93888889,https://en.wikipedia.org/wiki/16th_century
49,318,Tuzantlán, ,Tuzantán,1, ,0, ,30/12/1899 00:00:00,30/12/1899 00:00:00,Gerhard 1972 SE Frontier;Tanck de Estrada 2005: Atlas 1800, , ,-92.42222222,15.14583333,https://en.wikipedia.org/wiki/16th_century
24,320,Osolutlán,Usulután,Usulután,1, ,0, ,30/12/1899 00:00:00,30/12/1899 00:00:00,HGIS_Indias, , ,-88.43753,13.34261,https://en.wikipedia.org/wiki/16th_century
31,321,Utatlán,Uhtlatlán;Tecpán Utatlán,Santa Lucia Utatan,1, ,0, ,30/12/1899 00:00:00,30/12/1899 00:00:00,HGIS_Indias, , ,-91.26519,14.7715,https://en.wikipedia.org/wiki/16th_century
188,322,Laguna de Uxaca, ,Lago de Guija,1, ,0, ,30/12/1899 00:00:00,30/12/1899 00:00:00,Longyear 1944,Lake,https://www2.usgs.gov/science/records-matching.php?thcode=3&code=596,-89.52148237,14.25662026,https://en.wikipedia.org/wiki/16th_century
112,323,Veracruz, ,Veracruz,1, ,0, ,,,Acuña 1986;Google Maps,Harbor,https://www2.usgs.gov/science/records-matching.php?thcode=3&code=485,-96.138136,19.20048293,https://en.wikipedia.org/wiki/16th_century
15,324,Verapaz,Verapaz y Zacatula,San Cristobal Verapaz,1, ,0, ,30/12/1899 00:00:00,30/12/1899 00:00:00,HGIS_Indias, , ,-90.47833,15.36543,https://en.wikipedia.org/wiki/16th_century
116,325,Volcán de Fuego, ,Volcán de Fuego,1, ,0, ,30/12/1899 00:00:00,30/12/1899 00:00:00,GoogleMaps,Volcano,https://www2.usgs.gov/science/records-matching.php?thcode=3&code=1209,-90.88096,14.47461,https://en.wikipedia.org/wiki/16th_century
163,328,Xicalapa, ,Jicalapa,1, ,0, ,30/12/1899 00:00:00,30/12/1899 00:00:00,GoogleMaps, , ,-89.50703286,13.57119288,https://en.wikipedia.org/wiki/16th_century
204,330,Xocoloc,San Mateo;San Mateo Xocoloc;San Mateo Jocoloc;Jocoloc,San Felipe de Lara,1, ,0, ,30/12/1899 00:00:00,30/12/1899 00:00:00,Gavarrete y Cabrera 1991: 196,Pueblo,https://www2.usgs.gov/science/records-matching.php?thcode=3&code=850,-89.0030328,15.63639367,https://en.wikipedia.org/wiki/16th_century
85,333,Yupitepeque, ,Yupitepeque,1, ,0, ,30/12/1899 00:00:00,30/12/1899 00:00:00, , , ,-89.792707,14.197088,https://en.wikipedia.org/wiki/16th_century
84,334,Zacapa, ,Zacapa,1, ,0, ,30/12/1899 00:00:00,30/12/1899 00:00:00, , , ,-89.53204,14.96951,https://en.wikipedia.org/wiki/16th_century
63,335,Zamayaque,Zamayac;Samayaque,Zamayaque,1, ,0, ,30/12/1899 00:00:00,30/12/1899 00:00:00,HGIS_Indias, , ,-91.461558,14.582718,https://en.wikipedia.org/wiki/16th_century
42,337,Zumpango, ,Sumpango,1, ,0, ,30/12/1899 00:00:00,30/12/1899 00:00:00,HGIS_Indias, , ,-90.7353,14.64647,https://en.wikipedia.org/wiki/16th_century
