FID,My_FID2,Placename,Alt_names,ModernName,Confidence,Notes,FID_Relate,Relation,Start_Date,End_Date,References,Type,Type_URL,X,Y,Time_span
262,1,Antequera, ,Antequera,1, ,0, ,30/12/1899 00:00:00,30/12/1899 00:00:00,Acuña 1984;Google Maps, , ,-4.559097597,37.01736727,https://en.wikipedia.org/wiki/16th_century
110,2,Acalapa, ,Acalapa,1, ,0, ,,,Acuña 1984;GeoNames_MX, ,https://www2.usgs.gov/science/records-matching.php?thcode=3&code=850,-94.23634,17.93781,https://en.wikipedia.org/wiki/16th_century
263,3,Castilla, , ,1, ,0, ,30/12/1899 00:00:00,30/12/1899 00:00:00,Acuña 1984;Google Maps, , ,-4.036373825,39.02985948,https://en.wikipedia.org/wiki/16th_century
36,4,Acatlan, ,San Luis Acatlán,1, ,0, ,,,Acuña 1984;Tanck de Estrada 2005: Atlas 1800, ,https://www2.usgs.gov/science/records-matching.php?thcode=3&code=850,-98.73361111,16.80722222,https://en.wikipedia.org/wiki/16th_century
45,5,Acayuca, ,Acayucan,1, ,0, ,,,Acuña 1984;Tanck de Estrada 2005: Atlas 1800, ,https://www2.usgs.gov/science/records-matching.php?thcode=3&code=850,-94.91388889,17.94805556,https://en.wikipedia.org/wiki/16th_century
264,6,España, ,San Lorenzo del Escorial,1, ,0, ,30/12/1899 00:00:00,30/12/1899 00:00:00,Acuña 1984;Google Maps, , ,-4.148009986,40.58901942,https://en.wikipedia.org/wiki/16th_century
265,7,Coruña, ,A Coruña,1, ,0, ,30/12/1899 00:00:00,30/12/1899 00:00:00,Acuña 1984;Google Maps, , ,-8.395869246,43.37089013,https://en.wikipedia.org/wiki/16th_century
266,8,Salamanca, ,Salamanca,1, ,0, ,30/12/1899 00:00:00,30/12/1899 00:00:00,Acuña 1984;Google Maps, , ,-5.664059204,40.96501083,https://en.wikipedia.org/wiki/16th_century
136,9,Agualulco,Ayahualulco;Los Yagualulcos, ,1, ,0, ,,,Acuña 1984;Google Maps;Google Earth;unikloc10gw, ,https://www2.usgs.gov/science/records-matching.php?thcode=3&code=850,-93.8162,18.173378,https://en.wikipedia.org/wiki/16th_century
267,10,Río de Sevilla, ,Guadalquivir,1, ,0, ,30/12/1899 00:00:00,30/12/1899 00:00:00,Acuña 1984;Google Maps, , ,-6.006278878,37.39184444,https://en.wikipedia.org/wiki/16th_century
5,11,Aguataco, ,Ahuatepec,1, ,0, ,,,Acuña 1984;Google Maps;Google Earth;unikloc10gw, ,https://www2.usgs.gov/science/records-matching.php?thcode=3&code=850,-94.675934,17.770605,https://en.wikipedia.org/wiki/16th_century
128,12,Las Almoloyas, ,Almoloyas,1, ,174,Depends on,,,Acuña 1984;Tanck de Estrada 2005: Atlas 1800,Sujeto, ,-97.02305556,17.60833333,https://en.wikipedia.org/wiki/16th_century
268,13,Nueva España, ,México,1, ,0, ,30/12/1899 00:00:00,30/12/1899 00:00:00,Acuña 1984;Allocated by research, , ,-99.12477328,19.45212213,https://en.wikipedia.org/wiki/16th_century
204,14,Sierra Alotepec,Alotepec;Quiapehua;Sierra Quiapehua, ,2, ,145,Near,30/12/1899 00:00:00,30/12/1899 00:00:00,Acuña 1984;Allocated by research,Mountain Range,https://www2.usgs.gov/science/records-matching.php?thcode=3&code=708,-96.55491483,17.05720012,https://en.wikipedia.org/wiki/16th_century
75,15,Alpitzahua,Alpizagar,Dominguillo,1, ,28,Depends on,,,Acuña 1984;Tanck de Estrada 2005: Atlas 1800,Pueblo comarcano,https://www2.usgs.gov/science/records-matching.php?thcode=3&code=850,-96.91666667,17.65083333,https://en.wikipedia.org/wiki/16th_century
269,16,Cenpoala, ,Zempoala,1, ,0, ,30/12/1899 00:00:00,30/12/1899 00:00:00,Acuña 1984;Tanck de Estrada 2005: Atlas 1800, ,https://www2.usgs.gov/science/records-matching.php?thcode=3&code=850,-98.66972222,19.915,https://en.wikipedia.org/wiki/16th_century
205,17,Río de Alvarado, , ,1, ,0, ,30/12/1899 00:00:00,30/12/1899 00:00:00,Acuña 1984;Allocated by research,River,https://www2.usgs.gov/science/records-matching.php?thcode=3&code=960,-96.9977844,17.83116458,https://en.wikipedia.org/wiki/16th_century
2,18,Amaquauhtitlan,San Miguel Laatziguia;Laatziguia;Estancia San Miguel;San Miguel,San Miguel del Río,1, ,127,Depends on,,,Acuña 1984;Google Maps;Google Earth;unikloc10gw,Sujeto, ,-96.56867078,17.32124347,https://en.wikipedia.org/wiki/16th_century
58,19,Amatlan,Quetila,Amatlan,1, ,0, ,,,Acuña 1984;Tanck de Estrada 2005: Atlas 1800,Cabecera, ,-96.49611111,16.38888889,https://en.wikipedia.org/wiki/16th_century
270,20,Atoyac, ,Río Atoyac,1, ,0, ,30/12/1899 00:00:00,30/12/1899 00:00:00,Acuña 1984;Google Maps,River,https://www2.usgs.gov/science/records-matching.php?thcode=3&code=960,-96.73795467,17.06087918,https://en.wikipedia.org/wiki/16th_century
34,21,Los Amusgos,Yucusatuta;Zacatepeque,Amuzgos,1, ,0, ,,,Acuña 1984;Tanck de Estrada 2005: Atlas 1800, ,https://www2.usgs.gov/science/records-matching.php?thcode=3&code=850,-98.08944444,16.65277778,https://en.wikipedia.org/wiki/16th_century
170,22,Puerto de Angeles, ,Puerto Angel,1, ,0, ,,,Acuña 1984;Atlas 2010,Harbor,https://www2.usgs.gov/science/records-matching.php?thcode=3&code=485,-96.49,15.665278,https://en.wikipedia.org/wiki/16th_century
131,23,Antequera,Ciudad de Antequera;Huaxyacac;Oaxaca;Lolaa;Lola;Oaxacac,Oaxaca De Juarez,1, ,0, ,,,Acuña 1984;INEGI: MEX_topoloc,City,https://www2.usgs.gov/science/records-matching.php?thcode=3&code=202,-96.72190157,17.0605374,https://en.wikipedia.org/wiki/16th_century
271,24,Chile, ,Chile,1, ,0, ,30/12/1899 00:00:00,30/12/1899 00:00:00,Acuña 1984;Google Maps, , ,-70.6433496,-33.44778657,https://en.wikipedia.org/wiki/16th_century
142,25,Estancia Apazco,Apazco,Guelavia,1, ,145,Depends on,,,Acuña 1984;Tanck de Estrada 2005: Atlas 1800,Estancia, ,-96.54444444,16.95416667,https://en.wikipedia.org/wiki/16th_century
91,26,Apuala, ,Apoala,1, ,0, ,,,Acuña 1984;Tanck de Estrada 2005: Atlas 1800, ,https://www2.usgs.gov/science/records-matching.php?thcode=3&code=850,-97.13888889,17.65,https://en.wikipedia.org/wiki/16th_century
272,27,Perú, ,Perú,1, ,0, ,30/12/1899 00:00:00,30/12/1899 00:00:00,Acuña 1984;Google Maps, , ,-76.6674997,-9.325485278,https://en.wikipedia.org/wiki/16th_century
115,28,Atlatlaucca,Atlatlauca;Ayancua,San Juan Bautista Atatlahuca,1, ,0, ,,,Acuña 1984;INEGI: MEX_topoloc, ,https://www2.usgs.gov/science/records-matching.php?thcode=3&code=850,-96.83081478,17.53197314,https://en.wikipedia.org/wiki/16th_century
273,29,Las Indias,Indias,Las Indias Occidentales,1, ,0, ,30/12/1899 00:00:00,30/12/1899 00:00:00,Acuña 1984;Allocated by research, , ,-75.351208,19.24294408,https://en.wikipedia.org/wiki/16th_century
274,30,Honduras, ,Honduras,1, ,0, ,30/12/1899 00:00:00,30/12/1899 00:00:00,Acuña 1984;Google Maps, , ,-87.02079648,14.31639735,https://en.wikipedia.org/wiki/16th_century
275,31,Nicaragua, ,Catedral Santiago de Managua,1, ,0, ,30/12/1899 00:00:00,30/12/1899 00:00:00,Acuña 1984;Google Maps, ,https://www2.usgs.gov/science/records-matching.php?thcode=3&code=850,-86.27128652,12.15632203,https://en.wikipedia.org/wiki/16th_century
276,32,México, ,México,1, ,0, ,30/12/1899 00:00:00,30/12/1899 00:00:00,Acuña 1984;Google Maps;Tanck de Estrada 2005: Atlas 1800, ,https://www2.usgs.gov/science/records-matching.php?thcode=3&code=850,-99.1313711,19.43492025,https://en.wikipedia.org/wiki/16th_century
80,33,Ayotepec, , ,2, ,104,Depends on,,01/01/1577 00:00:00,Acuña 1984;Allocated by research, ,https://www2.usgs.gov/science/records-matching.php?thcode=3&code=850,-96.17603792,15.74813345,https://en.wikipedia.org/wiki/16th_century
51,34,Ayotuxtla la grande,Ayotuxtla,San Pedro Tlatepusco,1,Pueblo with church,85,Depends on,,,Acuña 1984;Tanck de Estrada 2005: Atlas 1800,Pueblo,https://www2.usgs.gov/science/records-matching.php?thcode=3&code=850,-96.48444444,17.78444444,https://en.wikipedia.org/wiki/16th_century
37,35,Ayusuchiquilazala,Ytñuhuaya,Zochiquilazala,1, ,0, ,,,Acuña 1984;Tanck de Estrada 2005: Atlas 1800,Cabecera, ,-98.18611111,17.26666667,https://en.wikipedia.org/wiki/16th_century
206,36,Ayutzinapa, , ,2, ,0, ,30/12/1899 00:00:00,30/12/1899 00:00:00,Acuña 1984;Allocated by research, ,https://www2.usgs.gov/science/records-matching.php?thcode=3&code=850,-98.17510363,16.87994188,https://en.wikipedia.org/wiki/16th_century
116,37,Aztatla, ,Astata,1, ,0, ,,,Acuña 1984;Tanck de Estrada 2005: Atlas 1800, ,https://www2.usgs.gov/science/records-matching.php?thcode=3&code=850,-95.67388889,15.98666667,https://en.wikipedia.org/wiki/16th_century
8,39,Caltepeque, ,Jacatepec,2,Pueblo with church,85,Depends on,,,Acuña 1984;Tanck de Estrada 2005: Atlas 1800,Pueblo,https://www2.usgs.gov/science/records-matching.php?thcode=3&code=850,-96.20972222,17.86027778,https://en.wikipedia.org/wiki/16th_century
66,40,Campeche, ,Barrio de San Francisco,1, ,0, ,,,Acuña 1984;Tanck de Estrada 2005: Atlas 1800, ,https://www2.usgs.gov/science/records-matching.php?thcode=3&code=850,-90.52472222,19.85166667,https://en.wikipedia.org/wiki/16th_century
277,41,Mechuacan,Michoacan,Tzintzuntzan,1, ,0, ,30/12/1899 00:00:00,30/12/1899 00:00:00,Acuña 1984;Carrillo Cazares 1996, , ,-101.573402,19.62326,https://en.wikipedia.org/wiki/16th_century
119,43,Cimatlan,Zimatlan,Zimatlán,1, ,138, ,,,Acuña 1984;Tanck de Estrada 2005: Atlas 1800,Pueblo comarcano,https://www2.usgs.gov/science/records-matching.php?thcode=3&code=850,-96.78472222,16.86527778,https://en.wikipedia.org/wiki/16th_century
72,45,Coatlan,Quiegoqui,San Pablo Coatlan,1, ,0, ,,,Acuña 1984;INEGI: MEX_topoloc, ,https://www2.usgs.gov/science/records-matching.php?thcode=3&code=850,-96.78456695,16.22428629,https://en.wikipedia.org/wiki/16th_century
122,46,Coatzacualco,Villa del Espíritu Santo;Espíritu Santo;Cucicacalco;Cucicalco,Villa Allende,1, ,0, ,,,Acuña 1984;Scholes and Roys 1996;Google Maps, ,https://www2.usgs.gov/science/records-matching.php?thcode=3&code=850,-94.385122,18.14741,https://en.wikipedia.org/wiki/16th_century
99,47,Río de Coatzacualco,Río Cuitlaxcolapa;Cuitlaxcolapa,Google Maps,1, ,0, ,,,Acuña 1984,River,https://www2.usgs.gov/science/records-matching.php?thcode=3&code=960,-94.42065528,18.08995083,https://en.wikipedia.org/wiki/16th_century
139,48,Copalitla, ,Copalita,1, ,104,Depends on,,01/01/1577 00:00:00,Acuña 1984;Toponimos50k, ,https://www2.usgs.gov/science/records-matching.php?thcode=3&code=850,-96.05452138,15.80848194,https://en.wikipedia.org/wiki/16th_century
199,50,Estancia Cosichi,Xuchitepec;Cosichi,Quiane,1,Relationship contradiction between reports,64,Depends on,30/12/1899 00:00:00,30/12/1899 00:00:00,Acuña 1984;Google Maps;Tanck de Estrada 2005: Atlas 1800,Estancia, ,-96.74016057,16.88019159,https://en.wikipedia.org/wiki/16th_century
209,51,Costa del Sur,Costa del Pacífico, ,2, ,0, ,30/12/1899 00:00:00,30/12/1899 00:00:00,Acuña 1984;Allocated by research,Coast,https://www2.usgs.gov/science/records-matching.php?thcode=3&code=221,-96.48172559,15.50118532,https://en.wikipedia.org/wiki/16th_century
42,52,Cotlahuixtla,Cuetlahuiztla,Cotahuixtla,1, ,28,Depends on,,,Acuña 1984;Tanck de Estrada 2005: Atlas 1800,Pueblo comarcano,https://www2.usgs.gov/science/records-matching.php?thcode=3&code=850,-96.91111111,17.52833333,https://en.wikipedia.org/wiki/16th_century
21,54,Cozauhtepec, ,San Francisco Cozoaltepec,1, ,0, ,,,Acuña 1984;Google Maps;Google Earth;unikloc10gw, ,https://www2.usgs.gov/science/records-matching.php?thcode=3&code=850,-96.723207,15.812197,https://en.wikipedia.org/wiki/16th_century
16,55,Cuahuitlan,Yonoyuto;Iyoyutnu,Cahuitan,1, ,0, ,,,Acuña 1984;unikloc10gw, ,https://www2.usgs.gov/science/records-matching.php?thcode=3&code=850,-98.5,16.30027778,https://en.wikipedia.org/wiki/16th_century
67,56,Cuautla,Huautla;Guautla;Pueblo Guautla;Yucuyaha,San Miguel Huautla,1, ,0, ,,,Acuña 1984;Google Maps;Tanck de Estrada 2005: Atlas 1800,Cabecera, ,-97.14523276,17.74109869,https://en.wikipedia.org/wiki/16th_century
24,57,Cuazontlan, ,San Mateo Del Mar,1, ,0, ,,,Acuña 1984;Tanck de Estrada 2005: Atlas 1800, ,https://www2.usgs.gov/science/records-matching.php?thcode=3&code=850,-94.98166667,16.21,https://en.wikipedia.org/wiki/16th_century
118,61,Cuextlahuaca, ,Coixtlahuaca,1, ,0, ,,,Acuña 1984;Tanck de Estrada 2005: Atlas 1800, ,https://www2.usgs.gov/science/records-matching.php?thcode=3&code=850,-97.32361111,17.72361111,https://en.wikipedia.org/wiki/16th_century
105,62,Cuicatlan,Guetrauaco;San Juan Bautista Cuicatlan,San Juan Bautista Cuicatlan,1, ,0, ,,,Acuña 1984;INEGI: MEX_topoloc, ,https://www2.usgs.gov/science/records-matching.php?thcode=3&code=850,-96.96156367,17.80114713,https://en.wikipedia.org/wiki/16th_century
100,63,Río de Cuicatlan, ,San Juan Bautista Cuicatlan,1, ,0, ,,,Acuña 1984;INEGI: MEX_topoloc, ,https://www2.usgs.gov/science/records-matching.php?thcode=3&code=850,-96.9640083,17.79214954,https://en.wikipedia.org/wiki/16th_century
82,64,Cuilapa,Cuyolapan;Yuchaca;Sayucu,Villa De Cuilapam,1, ,0, ,,,Acuña 1984;Tanck de Estrada 2005: Atlas 1800, ,https://www2.usgs.gov/science/records-matching.php?thcode=3&code=850,-96.78055556,16.99583333,https://en.wikipedia.org/wiki/16th_century
96,67,Cuixtepec, , ,2, ,103, ,,,Acuña 1984;Allocated by research,Sujeto, ,-96.37131204,15.83913498,https://en.wikipedia.org/wiki/16th_century
109,68,Cuzcatlan,Cozcatlan,Coxcatlan,1, ,0, ,,,Acuña 1984;INEGI: MEX_topoloc, ,https://www2.usgs.gov/science/records-matching.php?thcode=3&code=850,-97.15064989,18.26664894,https://en.wikipedia.org/wiki/16th_century
212,72,Cerro Chalchihuitepeque,Chalchihuitepeque,Mina Don David Gold,2,4 leagues far from Nexapa,177,Near,30/12/1899 00:00:00,30/12/1899 00:00:00,Acuña 1984;Google Maps,Mining Camp,https://www2.usgs.gov/science/records-matching.php?thcode=3&code=685,-96.11499822,16.68187803,https://en.wikipedia.org/wiki/16th_century
220,73,Chapultepeque, ,San Isidro Laguna,2,Pueblo with church,85,Depends on,30/12/1899 00:00:00,30/12/1899 00:00:00,Acuña 1984;Atlas 2010;Cline 1961,Pueblo,https://www2.usgs.gov/science/records-matching.php?thcode=3&code=850,-96.383056,17.820278,https://en.wikipedia.org/wiki/16th_century
213,74,Sierra Chayaco,Chayaco, ,2, ,418,Near,30/12/1899 00:00:00,30/12/1899 00:00:00,Acuña 1984;Google Maps,Mountain Range,https://www2.usgs.gov/science/records-matching.php?thcode=3&code=708,-96.8807609,17.70665998,https://en.wikipedia.org/wiki/16th_century
40,75,Chiapa, ,Chiapa (De Corzo),1, ,0, ,,,Acuña 1984;Tanck de Estrada 2005: Atlas 1800, ,https://www2.usgs.gov/science/records-matching.php?thcode=3&code=850,-93.01388889,16.70694444,https://en.wikipedia.org/wiki/16th_century
113,77,Chicahuaztla, ,Chicahuaxtla,1, ,222,Depends on,,,Acuña 1984;Tanck de Estrada 2005: Atlas 1800,Pueblo comarcano,https://www2.usgs.gov/science/records-matching.php?thcode=3&code=850,-97.83833333,17.15555555,https://en.wikipedia.org/wiki/16th_century
43,82,Chichicapa,Quicohualla;Quicocete,San Baltazar Chichicapam,1, ,0, ,,,Acuña 1984;INEGI: MEX_topoloc, ,https://www2.usgs.gov/science/records-matching.php?thcode=3&code=850,-96.49182872,16.76187337,https://en.wikipedia.org/wiki/16th_century
120,84,Chinameca, ,Chinameca,1, ,0, ,,,Acuña 1984;Tanck de Estrada 2005: Atlas 1800,Pueblo,https://www2.usgs.gov/science/records-matching.php?thcode=3&code=850,-94.67694444,18.01694444,https://en.wikipedia.org/wiki/16th_century
46,85,Chinantla, ,Valle Real (Nacional),1, ,0, ,,,Acuña 1984;Tanck de Estrada 2005: Atlas 1800, ,https://www2.usgs.gov/science/records-matching.php?thcode=3&code=850,-96.3,17.77638889,https://en.wikipedia.org/wiki/16th_century
214,88,Sierra de los Chontales, , ,2, ,0, ,30/12/1899 00:00:00,30/12/1899 00:00:00,Acuña 1984;Allocated by research,Mountain Range,https://www2.usgs.gov/science/records-matching.php?thcode=3&code=708,-95.86016184,16.37447384,https://en.wikipedia.org/wiki/16th_century
127,90,Ecatepec,Ecatepeque,Ecatepec,1, ,0, ,,,Acuña 1984;Tanck de Estrada 2005: Atlas 1800, ,https://www2.usgs.gov/science/records-matching.php?thcode=3&code=850,-95.755,16.25972222,https://en.wikipedia.org/wiki/16th_century
141,92,Ejutla,Yxutla;Ejutla de Crespo,Peña De Ejutla,2, ,28,Depends on,,,Acuña 1984;Toponimos50k,Pueblo comarcano,https://www2.usgs.gov/science/records-matching.php?thcode=3&code=850,-96.90412,17.47624917,https://en.wikipedia.org/wiki/16th_century
90,94,Elotepec,San Juan Elotepec;Quiatohui,Elotepec,1, ,0, ,,,Acuña 1984;Tanck de Estrada 2005: Atlas 1800, ,https://www2.usgs.gov/science/records-matching.php?thcode=3&code=850,-97.20972222,16.84444444,https://en.wikipedia.org/wiki/16th_century
63,97,Etla, ,Villa de Etla,1, ,0, ,,,Acuña 1984;Tanck de Estrada 2005: Atlas 1800, ,https://www2.usgs.gov/science/records-matching.php?thcode=3&code=850,-96.78333333,17.20611111,https://en.wikipedia.org/wiki/16th_century
123,98,Etlatongo, ,Yucunduche (Etlantongo),1, ,0, ,,,Acuña 1984;Tanck de Estrada 2005: Atlas 1800, ,https://www2.usgs.gov/science/records-matching.php?thcode=3&code=850,-97.27333333,17.415,https://en.wikipedia.org/wiki/16th_century
102,99,Gozaliacaque, ,Cosoleacaque,1, ,0, ,,,Acuña 1984;Tanck de Estrada 2005: Atlas 1800, ,https://www2.usgs.gov/science/records-matching.php?thcode=3&code=850,-94.63694444,17.99527778,https://en.wikipedia.org/wiki/16th_century
68,101,Guamilula, ,Huamelula,1, ,0, ,,,Acuña 1984;Tanck de Estrada 2005: Atlas 1800, ,https://www2.usgs.gov/science/records-matching.php?thcode=3&code=850,-95.66527778,16.025,https://en.wikipedia.org/wiki/16th_century
56,102,Guatemala, ,Antigua Guatemala,1, ,0, ,,,Acuña 1984;Google Maps, ,https://www2.usgs.gov/science/records-matching.php?thcode=3&code=850,-90.73486111,14.54983333,https://en.wikipedia.org/wiki/16th_century
39,103,Pueblo Guatulco,Guatulco,Santa Maria Huatulco,1, ,0, ,,,Acuña 1984;INEGI: MEX_topoloc, ,https://www2.usgs.gov/science/records-matching.php?thcode=3&code=850,-96.32015363,15.8319966,https://en.wikipedia.org/wiki/16th_century
130,104,Puerto Guatulco, ,Bahía de Santa Cruz Huatulco,1, ,0, ,,,Acuña 1984;Atlas 2010,Harbor,https://www2.usgs.gov/science/records-matching.php?thcode=3&code=485,-96.132222,15.754167,https://en.wikipedia.org/wiki/16th_century
172,106,Guaxilotitlan, ,Huexolotitlan (Huitzo),1, ,0, ,,,Acuña 1984;Google Maps;Tanck de Estrada 2005: Atlas 1800, ,https://www2.usgs.gov/science/records-matching.php?thcode=3&code=850,-96.88336245,17.27712311,https://en.wikipedia.org/wiki/16th_century
229,107,Guetrauaco, ,Cerro Mixteco,2, ,62,Near,30/12/1899 00:00:00,30/12/1899 00:00:00,Acuña 1984;Zona_Arq_INAH,Hill,https://www2.usgs.gov/science/records-matching.php?thcode=3&code=710,-96.96687382,17.77371982,https://en.wikipedia.org/wiki/16th_century
193,108,Estancia Güeyapan,Estancia Yuchacano;Güeyapan;Yuchacano,Huayapam,1, ,64,Depends on,,,Acuña 1984;Google Maps;Tanck de Estrada 2005: Atlas 1800,Estancia, ,-96.66613779,17.10257971,https://en.wikipedia.org/wiki/16th_century
0,113,Huautla,Guautla;Pueblo Guautla,Huauclilla,1, ,0, ,,,Acuña 1984;Tanck de Estrada 2005: Atlas 1800, ,https://www2.usgs.gov/science/records-matching.php?thcode=3&code=850,-97.07166667,17.45027778,https://en.wikipedia.org/wiki/16th_century
221,116,Sierra Hueyactepec,Hueyactepec;Quiatani, ,2, ,177,Near,30/12/1899 00:00:00,30/12/1899 00:00:00,Acuña 1984;Allocated by research,Mountain Range,https://www2.usgs.gov/science/records-matching.php?thcode=3&code=708,-96.02372723,16.7246843,https://en.wikipedia.org/wiki/16th_century
117,119,Huitziltengo, ,Lluvina,1, ,28,Depends on,,,Acuña 1984;Tanck de Estrada 2005: Atlas 1800,Estancia, ,-96.54861111,17.50388889,https://en.wikipedia.org/wiki/16th_century
187,121,Corregimiento Icpatepec,Icpatepeque;Icpatepec;Yucu duuva;Yucuyua,Ixplatepec,1, ,0, ,,,Acuña 1984;Tanck de Estrada 2005: Atlas 1800,Corregimiento, ,-98.02166667,17.50805555,https://en.wikipedia.org/wiki/16th_century
223,123,Valle Iniquehui,Iniquehui;Tzoncali, ,1, ,182,Near,30/12/1899 00:00:00,30/12/1899 00:00:00,Acuña 1984;Allocated by research,Valley,https://www2.usgs.gov/science/records-matching.php?thcode=3&code=1197,-97.23925131,17.45651169,https://en.wikipedia.org/wiki/16th_century
188,124,Isla Española, ,República Dominicana/Haiti,1, ,0, ,30/12/1899 00:00:00,30/12/1899 00:00:00,Acuña 1984;Google Maps, ,https://www2.usgs.gov/science/records-matching.php?thcode=3&code=850,-71.03738513,19.01809264,https://en.wikipedia.org/wiki/16th_century
86,126,Estancia Itztenango,Itztenango,Tenango-Sosola,1, ,106,Depends on,,,Acuña 1984;Tanck de Estrada 2005: Atlas 1800,Estancia, ,-97.00416667,17.32472222,https://en.wikipedia.org/wiki/16th_century
85,127,Itztepexic,Yaxitza;Ixtepexic;Ixtepexi;Santa Catarina Ixtepexi;Ilztepexic;Iyya'idza Laosia'quiela;Itztexic;Yaxitza Latzi-quiela,Ixtepeji,1,"Santa Catarina Ixtepexi está en el indice, pero no en el texto",0, ,,,Acuña 1984;Google Maps;Tanck de Estrada 2005: Atlas 1800, ,https://www2.usgs.gov/science/records-matching.php?thcode=3&code=850,-96.56196346,17.26552364,https://en.wikipedia.org/wiki/16th_century
106,128,Ixcatlan,Temazcalapa,Ixcatlan,1, ,0, ,,,Acuña 1984;Tanck de Estrada 2005: Atlas 1800, ,https://www2.usgs.gov/science/records-matching.php?thcode=3&code=850,-97.19277778,17.85277778,https://en.wikipedia.org/wiki/16th_century
114,129,Ixhuatlan, ,Chapopotla,1, ,0, ,,,Acuña 1984;Tanck de Estrada 2005: Atlas 1800, ,https://www2.usgs.gov/science/records-matching.php?thcode=3&code=850,-94.3875,18.02111111,https://en.wikipedia.org/wiki/16th_century
19,135,Estancia Iztactepetitlan,Iztactepetitlan,Ixtaltepec,1, ,145,Depends on,,,Acuña 1984;Tanck de Estrada 2005: Atlas 1800,Estancia, ,-96.56555556,17.02833333,https://en.wikipedia.org/wiki/16th_century
129,138,Iztepec,Quialoo;Santa Cruz,Mixtepec,1, ,0, ,,,Acuña 1984;Tanck de Estrada 2005: Atlas 1800, ,https://www2.usgs.gov/science/records-matching.php?thcode=3&code=850,-96.88083333,16.79166667,https://en.wikipedia.org/wiki/16th_century
1,140,Estancia Iztlayutlan,Iztlayutlan,Lachigolo,1, ,145,Depends on,,,Acuña 1984;Tanck de Estrada 2005: Atlas 1800,Estancia, ,-96.59583333,17.00694444,https://en.wikipedia.org/wiki/16th_century
32,142,Justlahuaca,Yozocuyya;Xihuixtlahuaca,Juxtlahuaca,1, ,0, ,,,Acuña 1984;Tanck de Estrada 2005: Atlas 1800, ,https://www2.usgs.gov/science/records-matching.php?thcode=3&code=850,-98.01111111,17.33333333,https://en.wikipedia.org/wiki/16th_century
125,145,Macuilsúchil,Quiyebelacayo,Macuilxochitl,1, ,0, ,,,Acuña 1984;Tanck de Estrada 2005: Atlas 1800, ,https://www2.usgs.gov/science/records-matching.php?thcode=3&code=850,-96.54,17.01583333,https://en.wikipedia.org/wiki/16th_century
140,147,Malinaltepeque,Malama;Malinaltepec,Maninaltepec,1, ,28,Depends on,,,Acuña 1984;Tanck de Estrada 2005: Atlas 1800,Pueblo comarcano,https://www2.usgs.gov/science/records-matching.php?thcode=3&code=850,-96.63694444,17.59305555,https://en.wikipedia.org/wiki/16th_century
210,148,Sierra Malinaltepeque,Malinaltepeque;Malinaltepec;Sierra Quitana;Quitana, ,2, ,391,Near,30/12/1899 00:00:00,30/12/1899 00:00:00,Acuña 1984;Allocated by research,Mountain Range,https://www2.usgs.gov/science/records-matching.php?thcode=3&code=708,-96.52426369,17.04285192,https://en.wikipedia.org/wiki/16th_century
231,149,Mar del Norte, , ,2, ,0, ,30/12/1899 00:00:00,30/12/1899 00:00:00,Acuña 1984;Allocated by research,Sea,https://www2.usgs.gov/science/records-matching.php?thcode=3&code=1015,-94.64480019,20.00849701,https://en.wikipedia.org/wiki/16th_century
232,150,Mar del Sur,Océano Pacífico, ,2, ,0, ,30/12/1899 00:00:00,30/12/1899 00:00:00,Acuña 1984;Allocated by research,Sea,https://www2.usgs.gov/science/records-matching.php?thcode=3&code=1015,-97.03376054,14.27338344,https://en.wikipedia.org/wiki/16th_century
143,152,Estancia Mazatepec,Mazatepec,Mazaltepec,1, ,106,Depends on,,,Acuña 1984;Tanck de Estrada 2005: Atlas 1800,Estancia, ,-96.87083333,17.17222222,https://en.wikipedia.org/wiki/16th_century
48,153,Mazatlan, ,Morro de Mazatán,1, ,0, ,,,Acuña 1984;Atlas 2010,Pueblo,https://www2.usgs.gov/science/records-matching.php?thcode=3&code=850,-95.379444,16.096667,https://en.wikipedia.org/wiki/16th_century
62,156,Miahuatlan,Miaguatlan;Quechetao,Miahuatlan De Porfirio Diaz,1, ,0, ,,,Acuña 1984;Google Maps;INEGI: MEX_topoloc, ,https://www2.usgs.gov/science/records-matching.php?thcode=3&code=850,-96.59680914,16.32869862,https://en.wikipedia.org/wiki/16th_century
224,158,Miquitla,Mictla,Mitla,1, ,0, ,30/12/1899 00:00:00,30/12/1899 00:00:00,Acuña 1984;Tanck de Estrada 2005: Atlas 1800, ,https://www2.usgs.gov/science/records-matching.php?thcode=3&code=850,-96.3625,16.92222222,https://en.wikipedia.org/wiki/16th_century
225,162,Río Grande, ,Río Mijangoa,1, ,0, ,30/12/1899 00:00:00,30/12/1899 00:00:00,Acuña 1984;Google Maps,River,https://www2.usgs.gov/science/records-matching.php?thcode=3&code=960,-96.4366948,16.43302248,https://en.wikipedia.org/wiki/16th_century
3,169,Mixtepec,Mixtepeque;Yozonuhuyco,Mixtepec,1, ,0, ,,,Acuña 1984;Tanck de Estrada 2005: Atlas 1800, ,https://www2.usgs.gov/science/records-matching.php?thcode=3&code=850,-97.82972222,17.30472222,https://en.wikipedia.org/wiki/16th_century
107,171,Monzapa,Minzapa;San Francisco Minzapa,Minzapan,1, ,0, ,,,Acuña 1984;Tanck de Estrada 2005: Atlas 1800,Pueblo,https://www2.usgs.gov/science/records-matching.php?thcode=3&code=850,-94.72694444,18.13833333,https://en.wikipedia.org/wiki/16th_century
17,173,Mulapa, ,Quinamaloapan,1, ,0, ,,,Acuña 1984;Google Maps;Google Earth;unikloc10gw;Garcia de Leon 2011: map III.6,Pueblo,https://www2.usgs.gov/science/records-matching.php?thcode=3&code=850,-94.99739,18.058566,https://en.wikipedia.org/wiki/16th_century
26,175,Nanacatepeque, , ,2, ,0, ,,,Acuña 1984;Allocated by research, ,https://www2.usgs.gov/science/records-matching.php?thcode=3&code=850,-95.49366604,17.43383975,https://en.wikipedia.org/wiki/16th_century
61,176,Nanalcatepec, ,Nacaltepec,1, ,0, ,,,Acuña 1984;NGA_GNS,Pueblo,https://www2.usgs.gov/science/records-matching.php?thcode=3&code=850,-96.919031,17.508189,https://en.wikipedia.org/wiki/16th_century
54,177,Nexapa,Quegotee;Santiago Nexapa;Santiago de Nixapa;Villa de Santiago de Nixapa,Nejapa De Madero,1, ,0, ,,,Acuña 1984;INEGI: MEX_topoloc,Villa, ,-95.97980271,16.6068899,https://en.wikipedia.org/wiki/16th_century
83,182,Nochiztlan,Atuco,Nochixtlan,1, ,0, ,,,Acuña 1984;Google Maps;Tanck de Estrada 2005: Atlas 1800, ,https://www2.usgs.gov/science/records-matching.php?thcode=3&code=850,-97.22540225,17.45839532,https://en.wikipedia.org/wiki/16th_century
169,183,Nopala, ,Nopala,1, ,0, ,,,Acuña 1984;Tanck de Estrada 2005: Atlas 1800, ,https://www2.usgs.gov/science/records-matching.php?thcode=3&code=850,-97.14361111,16.10583333,https://en.wikipedia.org/wiki/16th_century
243,186,Iglesia Nuestra Señora de la Asunción,Nuestra Señora de la Asunción,Templo de María en su Asunción,1, ,182,Within,30/12/1899 00:00:00,30/12/1899 00:00:00,Acuña 1984;Google Maps,Church,https://www2.usgs.gov/science/records-matching.php?thcode=3&code=931,-97.2244547,17.45887203,https://en.wikipedia.org/wiki/16th_century
191,188,Estancia Nuhuhuyyo,Ñuhuhuyyo;Nuhuhuyyo,Tutla,2, ,64,Depends on,,,Acuña 1984;Google Maps;Tanck de Estrada 2005: Atlas 1800,Estancia, ,-96.66730492,17.07143225,https://en.wikipedia.org/wiki/16th_century
144,193,Ocelotepeque,Quiebeche,Ozolotepec,1, ,0, ,,,Acuña 1984;Tanck de Estrada 2005: Atlas 1800, ,https://www2.usgs.gov/science/records-matching.php?thcode=3&code=850,-96.25833333,16.13111111,https://en.wikipedia.org/wiki/16th_century
71,196,Ocotlan, ,Ocotlan,1, ,138, ,,,Acuña 1984;Tanck de Estrada 2005: Atlas 1800,Pueblo comarcano,https://www2.usgs.gov/science/records-matching.php?thcode=3&code=850,-96.67527778,16.79166667,https://en.wikipedia.org/wiki/16th_century
27,199,Olutla, ,Oluta,1, ,0, ,,,Acuña 1984;Tanck de Estrada 2005: Atlas 1800,Pueblo,https://www2.usgs.gov/science/records-matching.php?thcode=3&code=850,-94.89638889,17.9275,https://en.wikipedia.org/wiki/16th_century
49,200,Ometepec,Ometepeque,Ometepec,1, ,0, ,,,Acuña 1984;Tanck de Estrada 2005: Atlas 1800, ,https://www2.usgs.gov/science/records-matching.php?thcode=3&code=850,-98.40555556,16.68305555,https://en.wikipedia.org/wiki/16th_century
260,201,Río de Ometepec, , ,1, ,0, ,30/12/1899 00:00:00,30/12/1899 00:00:00,Acuña 1984;Allocated by research,River,https://www2.usgs.gov/science/records-matching.php?thcode=3&code=960,-97.97306206,16.2373509,https://en.wikipedia.org/wiki/16th_century
133,203,Oteapa, ,Oteapan,1, ,0, ,,,Acuña 1984;Tanck de Estrada 2005: Atlas 1800,Pueblo,https://www2.usgs.gov/science/records-matching.php?thcode=3&code=850,-94.66388889,18.00638889,https://en.wikipedia.org/wiki/16th_century
218,204,Otzumatzintepeque, ,San Pedro Ozumacín,1,Pueblo with church,85,Depends on,,,Acuña 1984;Google Maps;Google Earth;unikloc10gw,Pueblo,https://www2.usgs.gov/science/records-matching.php?thcode=3&code=850,-96.224138,17.68143,https://en.wikipedia.org/wiki/16th_century
10,205,Oxitlan, ,Ojitlan,1, ,0, ,,,Acuña 1984;Tanck de Estrada 2005: Atlas 1800,Pueblo,https://www2.usgs.gov/science/records-matching.php?thcode=3&code=850,-96.39583333,18.05972222,https://en.wikipedia.org/wiki/16th_century
97,207,Oztuacan, ,Ostuacan,1, ,0, ,,,Acuña 1984;Google Maps;Google Earth;unikloc10gw;Garcia de Leon 2011: map VII.1,Pueblo,https://www2.usgs.gov/science/records-matching.php?thcode=3&code=850,-93.337047,17.407665,https://en.wikipedia.org/wiki/16th_century
190,208,Estancia Ozumba,Estancia Dzinimini;Dzinimini;Ozumba,Atzompa,1, ,64,Depends on,,,Acuña 1984;Google Maps;Tanck de Estrada 2005: Atlas 1800,Estancia, ,-96.77933925,17.10243705,https://en.wikipedia.org/wiki/16th_century
81,213,Papaloticpac,Papaloticpaque,Pápalo,1, ,0, ,,,Acuña 1984;Tanck de Estrada 2005: Atlas 1800, ,https://www2.usgs.gov/science/records-matching.php?thcode=3&code=850,-96.88055556,17.84166667,https://en.wikipedia.org/wiki/16th_century
65,215,Pechucalco, ,Pichucalco,1, ,0, ,,,Acuña 1984;Tanck de Estrada 2005: Atlas 1800,Pueblo,https://www2.usgs.gov/science/records-matching.php?thcode=3&code=850,-93.11833333,17.50861111,https://en.wikipedia.org/wiki/16th_century
92,218,Pinotecpa, ,Santiago Pinotepa Nacional,1, ,0, ,,,Acuña 1984;INEGI: MEX_topoloc, ,https://www2.usgs.gov/science/records-matching.php?thcode=3&code=850,-98.05306712,16.33996713,https://en.wikipedia.org/wiki/16th_century
57,220,Pochutla, ,Pochutla,1, ,0, ,,,Acuña 1984;Tanck de Estrada 2005: Atlas 1800, ,https://www2.usgs.gov/science/records-matching.php?thcode=3&code=850,-96.46527778,15.74444444,https://en.wikipedia.org/wiki/16th_century
93,221,Potutla, , ,2, ,0, ,,,Acuña 1984;Google Maps;Google Earth;Gonzalez Leyva 2007: 45-66;Gerhard 1972: 380, ,https://www2.usgs.gov/science/records-matching.php?thcode=3&code=850,-97.985197,16.272882,https://en.wikipedia.org/wiki/16th_century
13,222,Puctla,Ñuñuma,Puctla,1, ,0, ,,,Acuña 1984;Tanck de Estrada 2005: Atlas 1800, ,https://www2.usgs.gov/science/records-matching.php?thcode=3&code=850,-97.92916667,17.02583333,https://en.wikipedia.org/wiki/16th_century
84,223,Puebla de los Angeles, ,Heroica Puebla de Zaragoza,1, ,0, ,,,Acuña 1984;Atlas 2010, ,https://www2.usgs.gov/science/records-matching.php?thcode=3&code=850,-98.197222,19.043889,https://en.wikipedia.org/wiki/16th_century
87,224,Puscatlan, ,Puxcatan,1, ,0, ,,,Acuña 1984;Atlas 2010,Pueblo,https://www2.usgs.gov/science/records-matching.php?thcode=3&code=850,-92.6875,17.44916667,https://en.wikipedia.org/wiki/16th_century
242,228,Río grande Quelabigoa,Quelabigoa;Quelaquigo;Río grande;Río de Guaxaca;Río de Oaxaca, ,2, ,138,Near,30/12/1899 00:00:00,30/12/1899 00:00:00,Acuña 1984;Allocated by research,River,https://www2.usgs.gov/science/records-matching.php?thcode=3&code=960,-96.75316494,16.80531571,https://en.wikipedia.org/wiki/16th_century
253,229,Sierra Quetahuizo,Quetahuizo;Sierra Tepatlahuac Guaxilotitlan;Tepatlahuac;Tepatlahuac Guaxilotitlan, ,2, ,106,Near,30/12/1899 00:00:00,30/12/1899 00:00:00,Acuña 1984;Allocated by research,Mountain Range,https://www2.usgs.gov/science/records-matching.php?thcode=3&code=708,-96.85018994,17.30250115,https://en.wikipedia.org/wiki/16th_century
261,231,Quetzaltepeque, ,Quezaltepec,1, ,0, ,,,Acuña 1984;NGA_GNS, ,https://www2.usgs.gov/science/records-matching.php?thcode=3&code=850,-95.760446,16.973797,https://en.wikipedia.org/wiki/16th_century
246,233,Estancia Quiahuica,Santa Ana;Quiahuica Santa Ana;Quiahuica,Santa Ana Del Valle,1, ,391,Depends on,,,Acuña 1984;Google Maps;Tanck de Estrada 2005: Atlas 1800,Estancia, ,-96.47127285,16.99436688,https://en.wikipedia.org/wiki/16th_century
259,236,Sierra Quiatani,Quiatani;Hueyactepec;Hueyactepeque, ,2, ,177,Near,30/12/1899 00:00:00,30/12/1899 00:00:00,Acuña 1984;Allocated by research,Mountain Range,https://www2.usgs.gov/science/records-matching.php?thcode=3&code=708,-95.82459398,16.67953327,https://en.wikipedia.org/wiki/16th_century
28,244,Río de Quiotepec, , ,1, ,0, ,,,Acuña 1984;Allocated by research, ,https://www2.usgs.gov/science/records-matching.php?thcode=3&code=850,-96.98705052,17.89881543,https://en.wikipedia.org/wiki/16th_century
241,246,Sierra de Quiyahuixtepec,Quiyahuixtepec, ,2, ,26,Near,30/12/1899 00:00:00,30/12/1899 00:00:00,Acuña 1984;Allocated by research,Mountain Range,https://www2.usgs.gov/science/records-matching.php?thcode=3&code=708,-97.13898193,17.68881792,https://en.wikipedia.org/wiki/16th_century
194,253,Iglesia San Andrés, ,Parroquia San Andrés,1, ,108,Within,30/12/1899 00:00:00,30/12/1899 00:00:00,Acuña 1984;Google Maps,Church,https://www2.usgs.gov/science/records-matching.php?thcode=3&code=931,-96.66537896,17.10231659,https://en.wikipedia.org/wiki/16th_century
147,256,Estancia San Antonio,San Antonio,Ozolotepec,1, ,193,Depends on,,,Acuña 1984;Tanck de Estrada 2005: Atlas 1800,Estancia, ,-96.29166667,16.07805555,https://en.wikipedia.org/wiki/16th_century
159,259,Estancia San Bernardo,San Bernardo,San Bernardo,1, ,193,Depends on,,,Acuña 1984;Toponimos50k,Estancia, ,-96.368755,16.043095,https://en.wikipedia.org/wiki/16th_century
135,260,San Bernardo Tepecimatlan,Tepecimatlan,Mixtepec,1, ,138, ,,,Acuña 1984;Tanck de Estrada 2005: Atlas 1800,Pueblo comarcano,https://www2.usgs.gov/science/records-matching.php?thcode=3&code=850,-96.89805556,16.82416667,https://en.wikipedia.org/wiki/16th_century
146,265,Estancia San Francisco,San Francisco,Ozolotepec,1, ,193,Depends on,,,Acuña 1984;Tanck de Estrada 2005: Atlas 1800,Estancia, ,-96.22222222,16.1,https://en.wikipedia.org/wiki/16th_century
192,266,Iglesia San Francisco, ,Parroquia San Francisco,1, ,188,Within,30/12/1899 00:00:00,30/12/1899 00:00:00,Acuña 1984;Google Maps,Church,https://www2.usgs.gov/science/records-matching.php?thcode=3&code=931,-96.66723603,17.07141672,https://en.wikipedia.org/wiki/16th_century
200,267,Iglesia San Francisco Macuilsúchil,San Francisco Macuilxuchitl;San Francisco Macuilsúchil,Iglesia de Macuilxóchitl,1, ,145,Within,30/12/1899 00:00:00,30/12/1899 00:00:00,Acuña 1984;Google Maps,Church,https://www2.usgs.gov/science/records-matching.php?thcode=3&code=931,-96.54006728,17.01623864,https://en.wikipedia.org/wiki/16th_century
148,269,Estancia San Ildefonso,San Ildefonso,Ozolotepec,1, ,193,Depends on,,,Acuña 1984;Tanck de Estrada 2005: Atlas 1800,Estancia, ,-96.41777778,16.14,https://en.wikipedia.org/wiki/16th_century
153,273,Estancia San Juan,San Juan,Guivini,1, ,193,Depends on,,,Acuña 1984;Tanck de Estrada 2005: Atlas 1800,Estancia, ,-96.19388889,16.09944444,https://en.wikipedia.org/wiki/16th_century
132,276,San Juan Chicomesúchil,Chicomesúchil Sant Juan;Chicomesúchil;Chicomesúchil San Juan,Chicomezuchil,1, ,0, ,,,Acuña 1984;Tanck de Estrada 2005: Atlas 1800, ,https://www2.usgs.gov/science/records-matching.php?thcode=3&code=850,-96.495,17.2875,https://en.wikipedia.org/wiki/16th_century
166,281,Estancia San Lucas,San Lucas,San Lucas,1, ,45,Depends on,,,Acuña 1984;Atlas 2010,Estancia, ,-96.891111,16.253889,https://en.wikipedia.org/wiki/16th_century
156,282,Estancia San Luis,San Luis,San Luis,1, ,193,Depends on,,,Acuña 1984;Tanck de Estrada 2005: Atlas 1800,Estancia, ,-96.33611111,16.15666667,https://en.wikipedia.org/wiki/16th_century
158,284,Estancia San Martín,San Martín,San Martín,1, ,193,Depends on,,,Acuña 1984;Atlas 2010,Estancia, ,-96.353333,16.070833,https://en.wikipedia.org/wiki/16th_century
245,285,Sierra de San Martín,Sierras de San Martín, ,2, ,0, ,30/12/1899 00:00:00,30/12/1899 00:00:00,Acuña 1984;Allocated by research,Mountain Range,https://www2.usgs.gov/science/records-matching.php?thcode=3&code=708,-92.83823425,17.4592723,https://en.wikipedia.org/wiki/16th_century
151,287,Estancia San Miguel,San Miguel,Ozolotepec,1, ,193,Depends on,,,Acuña 1984;Tanck de Estrada 2005: Atlas 1800,Estancia, ,-96.39305556,16.10083333,https://en.wikipedia.org/wiki/16th_century
197,288,Iglesia de San Miguel, ,Iglesia de San Miguel,1, ,3287,Within,30/12/1899 00:00:00,30/12/1899 00:00:00,Acuña 1984;Google Maps,Church,https://www2.usgs.gov/science/records-matching.php?thcode=3&code=931,-97.00985602,16.9378947,https://en.wikipedia.org/wiki/16th_century
152,293,Estancia San Pablo,San Pablo,Ozolotepec,1, ,193,Depends on,,,Acuña 1984;Tanck de Estrada 2005: Atlas 1800,Estancia, ,-96.34583333,16.14361111,https://en.wikipedia.org/wiki/16th_century
198,294,Iglesia San Pablo, ,Templo de San Pablo,1, ,1293,Within,30/12/1899 00:00:00,30/12/1899 00:00:00,Acuña 1984;Google Maps,Church,https://www2.usgs.gov/science/records-matching.php?thcode=3&code=931,-96.89122682,16.98244578,https://en.wikipedia.org/wiki/16th_century
161,296,Estancia San Pedro,San Pedro,Coatlan,1, ,45,Depends on,,,Acuña 1984;Tanck de Estrada 2005: Atlas 1800,Estancia, ,-96.74555556,16.25416667,https://en.wikipedia.org/wiki/16th_century
121,298,Ermita San Sebastián, ,Google Maps,2, ,424,Within,,,Acuña 1984,Shrine,https://www2.usgs.gov/science/records-matching.php?thcode=3&code=931,-96.59088813,16.99556218,https://en.wikipedia.org/wiki/16th_century
164,299,Estancia San Sebastián,San Sebastián,Coatlan,1, ,45,Depends on,,,Acuña 1984;Tanck de Estrada 2005: Atlas 1800,Estancia, ,-96.82444444,16.2,https://en.wikipedia.org/wiki/16th_century
165,302,Estancia Santa Ana,Santa Ana,Santa Ana,1, ,156,Depends on,,,Acuña 1984;Atlas 2010,Estancia, ,-96.7175,16.340556,https://en.wikipedia.org/wiki/16th_century
41,305,Santa Ana Tacolabacoya, ,Villa De Tlapacoyan,1, ,138, ,,,Acuña 1984;Tanck de Estrada 2005: Atlas 1800,Pueblo comarcano,https://www2.usgs.gov/science/records-matching.php?thcode=3&code=850,-96.83694444,16.74277778,https://en.wikipedia.org/wiki/16th_century
155,306,Estancia Santa Catalina,Santa Catalina,Santa Catarina,1, ,193,Depends on,,,Acuña 1984;Tanck de Estrada 2005: Atlas 1800,Estancia, ,-96.37777778,16.08888889,https://en.wikipedia.org/wiki/16th_century
247,307,Iglesia Santa Catalina,Santa Catalina,Templo de Santa Catarina,1, ,127,Within,30/12/1899 00:00:00,30/12/1899 00:00:00,Acuña 1984;Google Maps,Church,https://www2.usgs.gov/science/records-matching.php?thcode=3&code=931,-96.56226167,17.26555709,https://en.wikipedia.org/wiki/16th_century
167,310,Estancia Santa Catarina,Santa Catarina,Santa Catarina Coatlán,1, ,45,Depends on,,,Acuña 1984;Atlas 2010,Estancia, ,-96.771944,16.298056,https://en.wikipedia.org/wiki/16th_century
145,312,Estancia Santa Cruz,Santa Cruz,Ozolotepec,1,,193,Depends on,,,Acuña 1984;Tanck de Estrada 2005: Atlas 1800,Estancia,,-96.30277778,16.06944444,https://en.wikipedia.org/wiki/16th_century
230,313,Ayocuexco, ,Ayoquezco Barrio De San Antonio,1, ,138,Depends on,,,Acuña 1984;Tanck de Estrada 2005: Atlas 1800,Cabecera, ,-96.84222222,16.68333333,https://en.wikipedia.org/wiki/16th_century
150,318,Estancia Santa María,Santa María,Ozolotepec,1, ,193,Depends on,,,Acuña 1984;Tanck de Estrada 2005: Atlas 1800,Estancia, ,-96.37,16.13,https://en.wikipedia.org/wiki/16th_century
189,319,Iglesia Santa María, ,Atzompa,1, ,208,Within,,,Acuña 1984;Google Maps;Tanck de Estrada 2005: Atlas 1800,Church,https://www2.usgs.gov/science/records-matching.php?thcode=3&code=931,-96.77926787,17.1024204,https://en.wikipedia.org/wiki/16th_century
157,321,Estancia Santa María Magdalena,Santa María Magdalena,Santa María Magdalena,1, ,193,Depends on,,,Acuña 1984;Tanck de Estrada 2005: Atlas 1800,Estancia, ,-96.32361111,16.04861111,https://en.wikipedia.org/wiki/16th_century
98,322,Santa María Magdalena Tepecimatlan,Tepecimatlan,Mixtepec,1, ,138, ,,,Acuña 1984;Tanck de Estrada 2005: Atlas 1800,Pueblo comarcano,https://www2.usgs.gov/science/records-matching.php?thcode=3&code=850,-96.90472222,16.89583333,https://en.wikipedia.org/wiki/16th_century
154,326,Estancia Santiago,Santiago,Lapaguia,1, ,193,Depends on,,,Acuña 1984;Tanck de Estrada 2005: Atlas 1800,Estancia, ,-96.19055556,16.135,https://en.wikipedia.org/wiki/16th_century
94,329,Macayapa,Santiago Macayapa,Mecayapan,1, ,0, ,,,Acuña 1984;Tanck de Estrada 2005: Atlas 1800,Pueblo,https://www2.usgs.gov/science/records-matching.php?thcode=3&code=850,-94.84027778,18.21805555,https://en.wikipedia.org/wiki/16th_century
248,330,Iglesia Santiago Macuilsúchil, ,Templo de Santiago,1, ,0, ,30/12/1899 00:00:00,30/12/1899 00:00:00,Acuña 1984;Allocated by research, ,https://www2.usgs.gov/science/records-matching.php?thcode=3&code=850,-96.5653006,17.02937008,https://en.wikipedia.org/wiki/16th_century
149,334,Estancia Santo Domingo,Santo Domingo,Ozolotepec,1, ,193,Depends on,,,Acuña 1984;Tanck de Estrada 2005: Atlas 1800,Estancia, ,-96.30972222,16.14861111,https://en.wikipedia.org/wiki/16th_century
196,335,Iglesia de Santo Domingo, ,Iglesia de Santo Domingo,1, ,412,Within,30/12/1899 00:00:00,30/12/1899 00:00:00,Acuña 1984;Google Maps,Church,https://www2.usgs.gov/science/records-matching.php?thcode=3&code=931,-96.62343092,17.06024597,https://en.wikipedia.org/wiki/16th_century
216,339,Sayolapa, ,San Martín Zoyolapam,1,Pueblo with church,85,Depends on,30/12/1899 00:00:00,30/12/1899 00:00:00,Acuña 1984;Atlas 2010;Cline 1961,Pueblo,https://www2.usgs.gov/science/records-matching.php?thcode=3&code=850,-96.283056,17.699444,https://en.wikipedia.org/wiki/16th_century
233,342,Soconusco, ,Soconusco,1, ,0, ,30/12/1899 00:00:00,30/12/1899 00:00:00,Acuña 1984;GeoNames_MX, ,https://www2.usgs.gov/science/records-matching.php?thcode=3&code=850,-92.7268982,15.3163996,https://en.wikipedia.org/wiki/16th_century
249,346,Río Tabaque, , ,2, ,0, ,30/12/1899 00:00:00,30/12/1899 00:00:00,Acuña 1984;Allocated by research,River,https://www2.usgs.gov/science/records-matching.php?thcode=3&code=960,-96.29091518,17.7736847,https://en.wikipedia.org/wiki/16th_century
234,347,Villa de Tabasco, ,Villahermosa,1, ,0, ,30/12/1899 00:00:00,30/12/1899 00:00:00,Acuña 1984;Atlas 2010,Villa, ,-92.919167,17.987778,https://en.wikipedia.org/wiki/16th_century
30,348,Pueblo Talistaca,Talistaca,Tlalixtac,1, ,0, ,,,Acuña 1984;Tanck de Estrada 2005: Atlas 1800, ,https://www2.usgs.gov/science/records-matching.php?thcode=3&code=850,-96.64888889,17.07083333,https://en.wikipedia.org/wiki/16th_century
250,349,Sierras de Talistaca,Montes de Talistaca, ,2, ,0, ,30/12/1899 00:00:00,30/12/1899 00:00:00,Acuña 1984;Allocated by research,Mountain Range,https://www2.usgs.gov/science/records-matching.php?thcode=3&code=708,-96.60821313,17.1690976,https://en.wikipedia.org/wiki/16th_century
7,350,Tanatepec, ,Tonaltepec,1, ,0, ,,,Acuña 1984;Tanck de Estrada 2005: Atlas 1800, ,https://www2.usgs.gov/science/records-matching.php?thcode=3&code=850,-96.95861111,17.57027778,https://en.wikipedia.org/wiki/16th_century
55,352,Tatacuitalpa, ,Tacotalpa,1, ,0, ,,,Acuña 1984;Google Maps;Google Earth;unikloc10gw,Pueblo,https://www2.usgs.gov/science/records-matching.php?thcode=3&code=850,-92.825936,17.595618,https://en.wikipedia.org/wiki/16th_century
9,353,Tecamachalco, ,Tecamachalco,1, ,0, ,,,Acuña 1984;Tanck de Estrada 2005: Atlas 1800, ,https://www2.usgs.gov/science/records-matching.php?thcode=3&code=850,-97.73166667,18.88111111,https://en.wikipedia.org/wiki/16th_century
20,354,Tecistepeque, ,Texistepec,1, ,0, ,,,Acuña 1984;Tanck de Estrada 2005: Atlas 1800,Pueblo,https://www2.usgs.gov/science/records-matching.php?thcode=3&code=850,-94.81638889,17.89416667,https://en.wikipedia.org/wiki/16th_century
89,357,Tecomahuaca, ,Tecomavaca,1, ,0, ,,,Acuña 1984;Tanck de Estrada 2005: Atlas 1800, ,https://www2.usgs.gov/science/records-matching.php?thcode=3&code=850,-97.02361111,17.95555556,https://en.wikipedia.org/wiki/16th_century
47,358,Tecomaxtlahuaca,Yozoyaha,Tecomaxtlahuaca,1, ,0, ,,,Acuña 1984;Tanck de Estrada 2005: Atlas 1800, ,https://www2.usgs.gov/science/records-matching.php?thcode=3&code=850,-98.03194444,17.34583333,https://en.wikipedia.org/wiki/16th_century
101,360,Tecuaminhuacan, ,Tecominoacan,1, ,0, ,,,Acuña 1984;Tanck de Estrada 2005: Atlas 1800,Pueblo,https://www2.usgs.gov/science/records-matching.php?thcode=3&code=850,-93.56222222,17.91888889,https://en.wikipedia.org/wiki/16th_century
217,361,Tecuantianguisco, ,Santa Fe y la Mar,1,Pueblo with church,85,Depends on,30/12/1899 00:00:00,30/12/1899 00:00:00,Acuña 1984;Atlas 2010;Cline 1961,Pueblo,https://www2.usgs.gov/science/records-matching.php?thcode=3&code=850,-96.315833,17.766389,https://en.wikipedia.org/wiki/16th_century
251,363,Tecuatlan, ,Tezoatlan,1, ,0, ,,,Acuña 1984;Tanck de Estrada 2005: Atlas 1800, ,https://www2.usgs.gov/science/records-matching.php?thcode=3&code=850,-97.81111111,17.65222222,https://en.wikipedia.org/wiki/16th_century
252,365,Sierra Tecuicuilco, , ,2, ,0, ,30/12/1899 00:00:00,30/12/1899 00:00:00,Acuña 1984;Allocated by research,Mountain Range,https://www2.usgs.gov/science/records-matching.php?thcode=3&code=708,-96.69068988,17.30803912,https://en.wikipedia.org/wiki/16th_century
103,367,Tehuacan, ,Tehuacan,1, ,0, ,,,Acuña 1984;Tanck de Estrada 2005: Atlas 1800, ,https://www2.usgs.gov/science/records-matching.php?thcode=3&code=850,-97.39194444,18.46111111,https://en.wikipedia.org/wiki/16th_century
38,368,Tehuantepec,Teguantepec,Santo Domingo Tehuantepec,1, ,0, ,,,Acuña 1984;INEGI: MEX_topoloc,Villa, ,-95.24141798,16.32140045,https://en.wikipedia.org/wiki/16th_century
79,371,Tenexpa, ,Tenexpan,1, ,0, ,,,Acuña 1984;Tanck de Estrada 2005: Atlas 1800, ,https://www2.usgs.gov/science/records-matching.php?thcode=3&code=850,-96.89027778,17.27,https://en.wikipedia.org/wiki/16th_century
31,374,Teococuilco,Teococuilco de Marcos Pérez;Pueblo Tecuicuilco;Tecuicuilco,Teococuilco De Marcos Perez,1, ,127,Depends on,,,Acuña 1984;Google Maps;INEGI: MEX_topoloc,Pueblo comarcano,https://www2.usgs.gov/science/records-matching.php?thcode=3&code=850,-96.61177008,17.35346737,https://en.wikipedia.org/wiki/16th_century
64,376,Teotzapotlan, ,Zaachila,1, ,138, ,,,Acuña 1984;Tanck de Estrada 2005: Atlas 1800,Pueblo comarcano,https://www2.usgs.gov/science/records-matching.php?thcode=3&code=850,-96.75,16.95,https://en.wikipedia.org/wiki/16th_century
18,381,Tepeucila, ,San Juan Tepeuxila,1, ,0, ,,,Acuña 1984;INEGI: MEX_topoloc, ,https://www2.usgs.gov/science/records-matching.php?thcode=3&code=850,-96.84166308,17.72340429,https://en.wikipedia.org/wiki/16th_century
211,382,Cordillera Tepeteopan,Tepeteopan;Yucoyucu, ,2, ,182,Near,30/12/1899 00:00:00,30/12/1899 00:00:00,Acuña 1984;Allocated by research,Mountain Range,https://www2.usgs.gov/science/records-matching.php?thcode=3&code=708,-97.29016117,17.48046051,https://en.wikipedia.org/wiki/16th_century
254,383,Tepeaca,Tepeyacac,Tepeaca,1, ,0, ,30/12/1899 00:00:00,30/12/1899 00:00:00,Acuña 1984;INEGI: MEX_topoloc, ,https://www2.usgs.gov/science/records-matching.php?thcode=3&code=850,-97.90341921,18.96581899,https://en.wikipedia.org/wiki/16th_century
255,384,Tepozcolula,Alcaldía mayor Tepozcolula,Teposcolula,1, ,0, ,,,Acuña 1984;Tanck de Estrada 2005: Atlas 1800,Alcaldia Mayor, ,-97.48833333,17.51055556,https://en.wikipedia.org/wiki/16th_century
238,385,Sierra Teponastepec,Teponastepec, ,2, ,434,Near,30/12/1899 00:00:00,30/12/1899 00:00:00,Acuña 1984;Allocated by research,Mountain Range,https://www2.usgs.gov/science/records-matching.php?thcode=3&code=708,-97.11211606,17.75542855,https://en.wikipedia.org/wiki/16th_century
239,386,Sierra Tequecinacaztlatepec,Tequecinacaztlatepec;Tequccisnacaztlatepec, ,2, ,61,Near,30/12/1899 00:00:00,30/12/1899 00:00:00,Acuña 1984;Allocated by research,Mountain Range,https://www2.usgs.gov/science/records-matching.php?thcode=3&code=708,-97.23169406,17.70938924,https://en.wikipedia.org/wiki/16th_century
111,387,Tequecistlan, ,Tequisistlan,1, ,0, ,,,Acuña 1984;Tanck de Estrada 2005: Atlas 1800, ,https://www2.usgs.gov/science/records-matching.php?thcode=3&code=850,-95.60333333,16.39916667,https://en.wikipedia.org/wiki/16th_century
6,390,Tetiquipa Río Hondo,Río Hondo Tetiquipa,Río Hondo,1, ,0, ,,,Acuña 1984;Google Maps, ,https://www2.usgs.gov/science/records-matching.php?thcode=3&code=850,-96.44889506,16.14445272,https://en.wikipedia.org/wiki/16th_century
134,391,Teutitlan del Valle,Xaguía;Teutitlan,Teotitlan Del Valle,1, ,0, ,,,Acuña 1984;Tanck de Estrada 2005: Atlas 1800, ,https://www2.usgs.gov/science/records-matching.php?thcode=3&code=850,-96.52,17.02916667,https://en.wikipedia.org/wiki/16th_century
256,392,Teutla, ,Teutla,1, ,0, ,,,Acuña 1984;Tanck de Estrada 2005: Atlas 1800, ,https://www2.usgs.gov/science/records-matching.php?thcode=3&code=850,-98.94638889,18.29138889,https://en.wikipedia.org/wiki/16th_century
53,394,Texutepec, ,Tejotepec,1, ,0, ,,,Acuña 1984;Tanck de Estrada 2005: Atlas 1800, ,https://www2.usgs.gov/science/records-matching.php?thcode=3&code=850,-96.98055556,17.49166667,https://en.wikipedia.org/wiki/16th_century
15,395,Tilantongo, ,Tilantongo,1, ,0, ,,,Acuña 1984;Google Maps;Tanck de Estrada 2005: Atlas 1800, ,https://www2.usgs.gov/science/records-matching.php?thcode=3&code=850,-97.33995752,17.28064302,https://en.wikipedia.org/wiki/16th_century
240,396,Sierra de Tiltepec,Tiltepec;Sierra de Tiltepeque;Tiltepeque, ,2, ,128,Near,30/12/1899 00:00:00,30/12/1899 00:00:00,Acuña 1984;Allocated by research,Mountain Range,https://www2.usgs.gov/science/records-matching.php?thcode=3&code=708,-97.19754224,17.77495709,https://en.wikipedia.org/wiki/16th_century
104,397,Tilzapoapa, ,Tizapa,1, ,0, ,,,Acuña 1984;Tanck de Estrada 2005: Atlas 1800,Pueblo,https://www2.usgs.gov/science/records-matching.php?thcode=3&code=850,-92.61111111,15.27694444,https://en.wikipedia.org/wiki/16th_century
14,398,Tlacamama, ,Tlacamama,1, ,0, ,,,Acuña 1984;Tanck de Estrada 2005: Atlas 1800, ,https://www2.usgs.gov/science/records-matching.php?thcode=3&code=850,-98.0625,16.41527778,https://en.wikipedia.org/wiki/16th_century
237,399,Valle de Tlacolula, , ,2, ,0, ,30/12/1899 00:00:00,30/12/1899 00:00:00,Acuña 1984;Allocated by research,Valley,https://www2.usgs.gov/science/records-matching.php?thcode=3&code=1197,-96.51664278,16.97077094,https://en.wikipedia.org/wiki/16th_century
4,400,Tlacuchaguaya, ,Tlacochahuaya de Morelos,1, ,0, ,,,Acuña 1984;Google Maps;Tanck de Estrada 2005: Atlas 1800, ,https://www2.usgs.gov/science/records-matching.php?thcode=3&code=850,-96.58102602,17.00790059,https://en.wikipedia.org/wiki/16th_century
25,402,Tlaxcala, ,Tlaxcala,1, ,0, ,,,Acuña 1984;Google Maps;Tanck de Estrada 2005: Atlas 1800, ,https://www2.usgs.gov/science/records-matching.php?thcode=3&code=850,-98.23772243,19.31748594,https://en.wikipedia.org/wiki/16th_century
171,403,Tlaxcaltitlan,Taxcaltitlan,Texcatitlan,1, ,434,Depends on,30/12/1899 00:00:00,30/12/1899 00:00:00,Acuña 1984;Tanck de Estrada 2005: Atlas 1800,Sujeto, ,-97.06666667,17.7125,https://en.wikipedia.org/wiki/16th_century
12,404,Tlaxiaco, ,Tlaxiaco,1, ,0, ,,,Acuña 1984;Google Maps;Tanck de Estrada 2005: Atlas 1800, ,https://www2.usgs.gov/science/records-matching.php?thcode=3&code=850,-97.68003646,17.2676096,https://en.wikipedia.org/wiki/16th_century
174,405,Estancia Tlilxtlahuac,Tlilixtlahuac;Tlilxtlahuac,Telixtlahuaca,1, ,106,Depends on,,,Acuña 1984;Tanck de Estrada 2005: Atlas 1800,Estancia, ,-96.90416667,17.29444444,https://en.wikipedia.org/wiki/16th_century
76,407,Yanhuitlan,Nagüitlan,Yanhuitlan,1, ,0, ,,,Acuña 1984;Tanck de Estrada 2005: Atlas 1800, ,https://www2.usgs.gov/science/records-matching.php?thcode=3&code=850,-97.34444444,17.52666667,https://en.wikipedia.org/wiki/16th_century
228,410,Tonalá,Tonala,Tonalá,1, ,0, ,,,Acuña 1984;Tanck de Estrada 2005: Atlas 1800, ,https://www2.usgs.gov/science/records-matching.php?thcode=3&code=850,-97.9625,17.675,https://en.wikipedia.org/wiki/16th_century
138,411,Río de Tonala, , ,1, ,0, ,,,Acuña 1984;Google Maps,River,https://www2.usgs.gov/science/records-matching.php?thcode=3&code=960,-94.01658632,17.83349423,https://en.wikipedia.org/wiki/16th_century
195,412,Estancia Tonaltepec,Estancia Yucutinana;Tonaltepec;Yucutinana,Tomaltepec,1, ,64,Estancia,,,Acuña 1984;Google Maps;Tanck de Estrada 2005: Atlas 1800,Estancia, ,-96.62363016,17.06027233,https://en.wikipedia.org/wiki/16th_century
44,413,Tonameca, ,Santa Maria Tonameca,1, ,0, ,,,Acuña 1984;Google Maps;INEGI: MEX_topoloc, ,https://www2.usgs.gov/science/records-matching.php?thcode=3&code=850,-96.54545655,15.74729986,https://en.wikipedia.org/wiki/16th_century
126,414,Totolapa, ,Totolapa,1, ,0, ,,,Acuña 1984;Tanck de Estrada 2005: Atlas 1800, ,https://www2.usgs.gov/science/records-matching.php?thcode=3&code=850,-96.30833333,16.66944444,https://en.wikipedia.org/wiki/16th_century
236,416,Tuchtepeque, ,Tuxtepec,1, ,0, ,,,Acuña 1984;Tanck de Estrada 2005: Atlas 1800, ,https://www2.usgs.gov/science/records-matching.php?thcode=3&code=850,-96.12388889,18.08611111,https://en.wikipedia.org/wiki/16th_century
33,417,Tututepec,Segura de la Frontera,Tututepec,1, ,0, ,,,Acuña 1984;Tanck de Estrada 2005: Atlas 1800,Villa, ,-97.60694444,16.12916667,https://en.wikipedia.org/wiki/16th_century
124,418,Tututepetongo,Yada,Tutepetongo,1, ,0, ,,,Acuña 1984;Google Maps;Tanck de Estrada 2005: Atlas 1800,Cabecera, ,-96.88064218,17.71306495,https://en.wikipedia.org/wiki/16th_century
235,419,Villa de Tuxtla,Tuxtla,Tuxtla,1, ,0, ,,,Acuña 1984;Tanck de Estrada 2005: Atlas 1800,Villa, ,-95.29944444,18.46166667,https://en.wikipedia.org/wiki/16th_century
95,421,Uzila, ,Usila,1, ,0, ,,,Acuña 1984;Tanck de Estrada 2005: Atlas 1800, ,https://www2.usgs.gov/science/records-matching.php?thcode=3&code=850,-96.52777778,17.87916667,https://en.wikipedia.org/wiki/16th_century
108,422,Villa Alta,Villa de San Ildefonso;San Ildefonso,San Ildefonso Villa Alta,1, ,0, ,,,Acuña 1984;Tanck de Estrada 2005: Atlas 1800,Villa, ,-96.152778,17.338889,https://en.wikipedia.org/wiki/16th_century
22,427,Xaltepetongo,Papalotlayagua,Jaltepetongo,1, ,0, ,,,Acuña 1984;Tanck de Estrada 2005: Atlas 1800, ,https://www2.usgs.gov/science/records-matching.php?thcode=3&code=850,-97.03388889,17.68861111,https://en.wikipedia.org/wiki/16th_century
112,428,Xaltianquizco, ,Jaltianguis,1, ,0, ,,,Acuña 1984;Tanck de Estrada 2005: Atlas 1800, ,https://www2.usgs.gov/science/records-matching.php?thcode=3&code=850,-96.52777778,17.36194444,https://en.wikipedia.org/wiki/16th_century
59,429,Xayacatlan, ,Jayacatlan,1, ,28,Depends on,,,Acuña 1984;Tanck de Estrada 2005: Atlas 1800,Estancia, ,-96.82166667,17.42222222,https://en.wikipedia.org/wiki/16th_century
78,431,Xicayan de Tovar,Xicayan;Nozahuy;Ñu dzavui,Jicayan de Tovar,1, ,0, ,,,Acuña 1984;Google Maps;Tanck de Estrada 2005: Atlas 1800, ,https://www2.usgs.gov/science/records-matching.php?thcode=3&code=850,-98.23549285,17.12656177,https://en.wikipedia.org/wiki/16th_century
257,433,Xilotepeque,El mixe,Jilotepec,1, ,0, ,,,Acuña 1984;Tanck de Estrada 2005: Atlas 1800, ,https://www2.usgs.gov/science/records-matching.php?thcode=3&code=850,-95.69527778,16.5675,https://en.wikipedia.org/wiki/16th_century
70,434,Xocoticpac,Xocoticpaque,Jocotipac,1, ,0, ,,,Acuña 1984;Tanck de Estrada 2005: Atlas 1800, ,https://www2.usgs.gov/science/records-matching.php?thcode=3&code=850,-97.07944444,17.76861111,https://en.wikipedia.org/wiki/16th_century
74,436,Estancia Xochiquitongo,Xochiquitongo,Suchilquitongo,1, ,106,Depends on,,,Acuña 1984;Tanck de Estrada 2005: Atlas 1800,Estancia, ,-96.86666667,17.25,https://en.wikipedia.org/wiki/16th_century
258,437,Xochitepec, ,Xadani,1, ,0, ,30/12/1899 00:00:00,30/12/1899 00:00:00,Acuña 1984;Tanck de Estrada 2005: Atlas 1800, ,https://www2.usgs.gov/science/records-matching.php?thcode=3&code=850,-96.07361111,15.94888889,https://en.wikipedia.org/wiki/16th_century
88,438,Xoquilla, ,Juquila,1, ,0, ,,,Acuña 1984;Tanck de Estrada 2005: Atlas 1800, ,https://www2.usgs.gov/science/records-matching.php?thcode=3&code=850,-97.29222222,16.23638889,https://en.wikipedia.org/wiki/16th_century
77,440,Estancia Xoxocotlan,Xoxocotlan;Ñuhuyoho,Xoxocotlan,1, ,424,Depends on,,,Acuña 1984;Tanck de Estrada 2005: Atlas 1800,Estancia, ,-96.73333333,17.02638889,https://en.wikipedia.org/wiki/16th_century
227,443,Yoaltepeque, ,Ihualtepec,1, ,0, ,,,Acuña 1984;Tanck de Estrada 2005: Atlas 1800, ,https://www2.usgs.gov/science/records-matching.php?thcode=3&code=850,-98.28944444,17.73972222,https://en.wikipedia.org/wiki/16th_century
69,445,Los Yolos,Yoloxonecuila,Yolox,1, ,146,Depends on,,,Acuña 1984;Tanck de Estrada 2005: Atlas 1800,Pueblo comarcano,https://www2.usgs.gov/science/records-matching.php?thcode=3&code=850,-96.55166667,17.5875,https://en.wikipedia.org/wiki/16th_century
226,448,Sierra Yotza,Yotza, ,2, ,127,Near,30/12/1899 00:00:00,30/12/1899 00:00:00,Acuña 1984;Allocated by research,Mountain Range,https://www2.usgs.gov/science/records-matching.php?thcode=3&code=708,-96.56135975,17.25371181,https://en.wikipedia.org/wiki/16th_century
175,464,Zacatepeque,Yucusatuta,Zacatepec De Amuzgos,1, ,0, ,,,Acuña 1984;Tanck de Estrada 2005: Atlas 1800, ,https://www2.usgs.gov/science/records-matching.php?thcode=3&code=850,-97.98888889,16.76111111,https://en.wikipedia.org/wiki/16th_century
202,465,Estancia Zacutla,Zacutla,Zautla,1, ,106,Depends on,,,Acuña 1984;Tanck de Estrada 2005: Atlas 1800,Estancia, ,-96.86305556,17.18611111,https://en.wikipedia.org/wiki/16th_century
52,470,Zilacayoapa, ,Silacayoapam,1, ,0, ,,,Acuña 1984;Tanck de Estrada 2005: Atlas 1800, ,https://www2.usgs.gov/science/records-matching.php?thcode=3&code=850,-98.14027778,17.5025,https://en.wikipedia.org/wiki/16th_century
35,471,Zola, ,Sola,1, ,0, ,,,Acuña 1984;Tanck de Estrada 2005: Atlas 1800, ,https://www2.usgs.gov/science/records-matching.php?thcode=3&code=850,-96.97777778,16.51472222,https://en.wikipedia.org/wiki/16th_century
50,473,Zoquiapa,Zoquiapan,Zoquiapam,1, ,28,Depends on,,,Acuña 1984;Tanck de Estrada 2005: Atlas 1800,Estancia, ,-96.62055556,17.255,https://en.wikipedia.org/wiki/16th_century
60,474,Zoquitlan, ,Zoquitlan,1, ,0, ,,,Acuña 1984;Tanck de Estrada 2005: Atlas 1800, ,https://www2.usgs.gov/science/records-matching.php?thcode=3&code=850,-96.35388889,16.55972222,https://en.wikipedia.org/wiki/16th_century
73,475,Zozola, ,Abejones,1, ,0, ,,,Acuña 1984;Tanck de Estrada 2005: Atlas 1800, ,https://www2.usgs.gov/science/records-matching.php?thcode=3&code=850,-96.60666667,17.435,https://en.wikipedia.org/wiki/16th_century
173,1025,Estancia Apazco,Apazco,Apasco,1, ,106,Depends on,,,Acuña 1984;Tanck de Estrada 2005: Atlas 1800,Estancia, ,-96.82083333,17.24083333,https://en.wikipedia.org/wiki/16th_century
137,1034,Ayotuxtla la chica,Ayotuxtla,Santiago Tlatepusco,1,Pueblo with church,85,Depends on,,,Acuña 1984;Tanck de Estrada 2005: Atlas 1800,Pueblo,https://www2.usgs.gov/science/records-matching.php?thcode=3&code=850,-96.51,17.82444444,https://en.wikipedia.org/wiki/16th_century
208,1043,Zimatlan,Cimatlan,Zimatán,2, ,104,Depends on,30/12/1899 00:00:00,01/01/1577 00:00:00,Acuña 1984;Atlas 2010, ,https://www2.usgs.gov/science/records-matching.php?thcode=3&code=850,-95.999444,15.850278,https://en.wikipedia.org/wiki/16th_century
181,1127,Itztepexic, , ,1, ,127,Near,30/12/1899 00:00:00,30/12/1899 00:00:00,Acuña 1984;Allocated by research,Hill,https://www2.usgs.gov/science/records-matching.php?thcode=3&code=710,-96.56077856,17.25618617,https://en.wikipedia.org/wiki/16th_century
201,1145,Macuilsúchil, ,Cerro Danush,1, ,145,Near,30/12/1899 00:00:00,30/12/1899 00:00:00,Acuña 1984;Google Maps,Hill,https://www2.usgs.gov/science/records-matching.php?thcode=3&code=710,-96.54954447,17.01767807,https://en.wikipedia.org/wiki/16th_century
219,1183,Nopala, ,Nopalera del Rosario o del Obispo,1,Pueblo with church,85,Depends on,30/12/1899 00:00:00,30/12/1899 00:00:00,Acuña 1984;Atlas 2010;Cline 1961,Pueblo,https://www2.usgs.gov/science/records-matching.php?thcode=3&code=850,-96.461389,17.700833,https://en.wikipedia.org/wiki/16th_century
168,1244,Quiotepeque, ,Quiotepec,1, ,0, ,,,Acuña 1984;Tanck de Estrada 2005: Atlas 1800, ,https://www2.usgs.gov/science/records-matching.php?thcode=3&code=850,-96.98194444,17.89944444,https://en.wikipedia.org/wiki/16th_century
244,1253,Iglesia San Andrés, ,Templo de San Andrés,1, ,156,Within,30/12/1899 00:00:00,30/12/1899 00:00:00,Acuña 1984;Google Maps,Church,https://www2.usgs.gov/science/records-matching.php?thcode=3&code=931,-96.59713323,16.32936561,https://en.wikipedia.org/wiki/16th_century
182,1259,Estancia San Bernardo,San Bernardo,San Bernardo,1, ,156,Depends on,30/12/1899 00:00:00,30/12/1899 00:00:00,Acuña 1984;Tanck de Estrada 2005: Atlas 1800,Estancia, ,-96.70055556,16.36472222,https://en.wikipedia.org/wiki/16th_century
160,1265,Estancia San Francisco,San Francisco,Coatlan,1, ,45,Depends on,,,Acuña 1984;Tanck de Estrada 2005: Atlas 1800,Estancia, ,-96.76805556,16.18472222,https://en.wikipedia.org/wiki/16th_century
186,1284,Estancia San Martín,San Martín,San Martín Buenavista,1, ,146,Depends on,30/12/1899 00:00:00,30/12/1899 00:00:00,Acuña 1984;Atlas 2010,Estancia, ,-96.614722,17.634444,https://en.wikipedia.org/wiki/16th_century
163,1287,Estancia San Miguel,San Miguel,Coatlan,1, ,45,Depends on,,,Acuña 1984;Tanck de Estrada 2005: Atlas 1800,Estancia, ,-96.69305556,16.195,https://en.wikipedia.org/wiki/16th_century
180,1293,Estancia San Pablo,San Pablo;Ydzuqini;Estancia Ydzuqini,Peras,1, ,64,Depends on,,,Acuña 1984;Google Maps;Tanck de Estrada 2005: Atlas 1800,Estancia, ,-96.89122165,16.98238833,https://en.wikipedia.org/wiki/16th_century
178,1296,Estancia San Pedro,San Pedro,Amatlan,1, ,19,Depends on,,,Acuña 1984;Tanck de Estrada 2005: Atlas 1800,Sujeto, ,-96.44722222,16.32638889,https://en.wikipedia.org/wiki/16th_century
184,1306,Estancia Santa Catalina,Santa Catalina,Cuixtla,1, ,156,Depends on,30/12/1899 00:00:00,30/12/1899 00:00:00,Acuña 1984;Tanck de Estrada 2005: Atlas 1800,Estancia, ,-96.635,16.3075,https://en.wikipedia.org/wiki/16th_century
185,1312,Estancia Santa Cruz,Santa Cruz,Xitla,1, ,156,Depends on,,,Acuña 1984;Tanck de Estrada 2005: Atlas 1800,Estancia, ,-96.67166667,16.32638889,https://en.wikipedia.org/wiki/16th_century
162,1318,Estancia Santa María,Santa María,Coatlan,1, ,45,Depends on,,,Acuña 1984;Tanck de Estrada 2005: Atlas 1800,Estancia, ,-96.72222222,16.23194444,https://en.wikipedia.org/wiki/16th_century
11,1424,Xalapa, ,Jalapa,1, ,0, ,,,Acuña 1984;Google Maps;Tanck de Estrada 2005: Atlas 1800,Alcaldia Mayor, ,-99.05369882,16.71322175,https://en.wikipedia.org/wiki/16th_century
23,1467,Zapotitlan, ,Zapotitlan,1, ,0, ,,,Acuña 1984;Tanck de Estrada 2005: Atlas 1800, ,https://www2.usgs.gov/science/records-matching.php?thcode=3&code=850,-97.47472222,18.32805555,https://en.wikipedia.org/wiki/16th_century
222,1473,Zoquiapa, ,Zoquiapam,1, ,28,Depends on,,,Acuña 1984;Tanck de Estrada 2005: Atlas 1800,Estancia, ,-96.84861111,17.55638889,https://en.wikipedia.org/wiki/16th_century
176,2262,Estancia San Cristóbal,San Cristóbal,Amatlan,1, ,19,Depends on,,,Acuña 1984;Tanck de Estrada 2005: Atlas 1800,Sujeto, ,-96.40972222,16.3175,https://en.wikipedia.org/wiki/16th_century
177,2265,Estancia San Francisco,San Francisco,Logueche,1, ,19,Depends on,,,Acuña 1984;Tanck de Estrada 2005: Atlas 1800,Sujeto, ,-96.37694444,16.34944444,https://en.wikipedia.org/wiki/16th_century
183,2287,Estancia San Miguel,San Miguel,Cuixtla,1, ,156,Depends on,30/12/1899 00:00:00,30/12/1899 00:00:00,Acuña 1984;Tanck de Estrada 2005: Atlas 1800,Estancia, ,-96.63805556,16.29194444,https://en.wikipedia.org/wiki/16th_century
29,2424,Xalapa, ,Jalapa Del Marques,1, ,0, ,,,Acuña 1984;Tanck de Estrada 2005: Atlas 1800,Villa, ,-95.445,16.44083333,https://en.wikipedia.org/wiki/16th_century
179,3287,Estancia San Miguel,San Miguel;Yucuqua;Estancia Yucuqua,San Miguel de las Peras,1, ,64,Depends on,,,Acuña 1984;Google Maps;Atlas 2010,Estancia, ,-97.01024548,16.9379893,https://en.wikipedia.org/wiki/16th_century
203,3500,Coyula, ,Coyula,1,"In the Acuña's index, he said that this is a estancia, however in the text, it's named as sujeto",1244,Depends on,30/12/1899 00:00:00,30/12/1899 00:00:00,Acuña 1984;Atlas 2010;Cline 1961,Pueblo,https://www2.usgs.gov/science/records-matching.php?thcode=3&code=850,-96.90972222,17.91388889,https://en.wikipedia.org/wiki/16th_century
207,3501,Coyula, ,Bajos de Coyula,1, ,104,Depends on,30/12/1899 00:00:00,01/01/1577 00:00:00,Acuña 1984;Atlas 2010;Cline 1961,Pueblo,https://www2.usgs.gov/science/records-matching.php?thcode=3&code=850,-96.305833,15.704722,https://en.wikipedia.org/wiki/16th_century
215,3502,Palantla, ,San Juan Palantla,1,Pueblo with church,85,Depends on,,,Acuña 1984;Atlas 2010;Cline 1961,Pueblo,https://www2.usgs.gov/science/records-matching.php?thcode=3&code=850,-96.395,17.850278,https://en.wikipedia.org/wiki/16th_century
