FID,My_FID4,Placename,Alt_names,ModernName,Confidence,Notes,Type,FID_Relate,Relation,Type2,References,Type_URL,Time_span,X,Y
138,1,Río de Zahuapan,Zahuapan;Zahuatl,Río de Zahuapan,1, ,River,392, , ,Acuña 1984;Google Maps,https://www2.usgs.gov/science/records-matching.php?thcode=3&code=960,https://en.wikipedia.org/wiki/16th_century,-98.29292714,19.20610226
21,2,Acámbaro,Acanbaro,Acámbaro,1, , ,0, , ,Acuña 1984;Atlas 2010,https://www2.usgs.gov/science/records-matching.php?thcode=3&code=850,https://en.wikipedia.org/wiki/16th_century,-100.719167,20.035278
38,3,Acapetlahuacan, ,Acapetlahuacan,1, , ,0, , ,Acuña 1984;Tanck de Estrada 2005: Atlas 1800,https://www2.usgs.gov/science/records-matching.php?thcode=3&code=850,https://en.wikipedia.org/wiki/16th_century,-98.44722222,18.8975
70,4,Acatzinco, ,Acatzingo,1, , ,0, , ,Acuña 1984;Tanck de Estrada 2005: Atlas 1800,https://www2.usgs.gov/science/records-matching.php?thcode=3&code=850,https://en.wikipedia.org/wiki/16th_century,-97.78194444,18.97972222
4,6,Acolman, ,Acolman,1, , ,0, , ,Acuña 1984;Google Maps;Tanck de Estrada 2005: Atlas 1800,https://www2.usgs.gov/science/records-matching.php?thcode=3&code=850,https://en.wikipedia.org/wiki/16th_century,-98.9113599,19.63937013
286,7,Roma, ,Basílica de San Pedro,1, , ,0, , ,GoogleMaps, , ,12.45337236,41.90214743
135,8,Ahuayocan, ,Ahuayocan,1, , ,0, , ,Acuña 1984;Toponimos50k,https://www2.usgs.gov/science/records-matching.php?thcode=3&code=850,https://en.wikipedia.org/wiki/16th_century,-98.68880083,18.93919889
104,9,Ahuazhuatepec, ,Ahuatepec,1, , ,0, , ,Acuña 1984;Tanck de Estrada 2005: Atlas 1800,https://www2.usgs.gov/science/records-matching.php?thcode=3&code=850,https://en.wikipedia.org/wiki/16th_century,-97.91527778,18.85722222
42,10,Almería,Nauhtlan,Nautla,1, , ,0, , ,Acuña 1984;Tanck de Estrada 2005: Atlas 1800,https://www2.usgs.gov/science/records-matching.php?thcode=3&code=850,https://en.wikipedia.org/wiki/16th_century,-96.77222222,20.20722222
125,11,Almoloyan,Almoloya,Almoloya,1, , ,0, , ,Acuña 1984;Tanck de Estrada 2005: Atlas 1800,https://www2.usgs.gov/science/records-matching.php?thcode=3&code=850,https://en.wikipedia.org/wiki/16th_century,-98.40305556,19.70166667
217,12,Altos de México,Altos de Guauximalpa,Cuajimalpa de Morelos,1, , ,0, , ,Acuña 1984;GeoNames_MX,https://www2.usgs.gov/science/records-matching.php?thcode=3&code=850,https://en.wikipedia.org/wiki/16th_century,-99.28774,19.35925
102,13,Amaquemecan,Chalco Amaquemacan,Amecameca,1, , ,0, , ,Acuña 1984;Tanck de Estrada 2005: Atlas 1800,https://www2.usgs.gov/science/records-matching.php?thcode=3&code=850,https://en.wikipedia.org/wiki/16th_century,-98.76277778,19.12777778
84,14,Volcán de Amaquemecan,Volcán de Huexotzinco,Popocatepetl,1, ,Volcano,0, , ,Acuña 1984;Google Maps,https://www2.usgs.gov/science/records-matching.php?thcode=3&code=1209,https://en.wikipedia.org/wiki/16th_century,-98.62376841,19.02317214
247,15,Río de Amecarro,Amecarro,Río Ameca,1,En la Provincia de Avalos (Sayula),River,0, , ,Acuña 1984;GeoNames_MX,https://www2.usgs.gov/science/records-matching.php?thcode=3&code=960,https://en.wikipedia.org/wiki/16th_century,-105.281,20.6725
285,16,Portugal, ,Portugal,1, , ,0, , ,GoogleMaps, , ,-9.251208846,38.92812273
76,17,Amozoc, ,Amozoc,1, , ,0, , ,Acuña 1984;Tanck de Estrada 2005: Atlas 1800,https://www2.usgs.gov/science/records-matching.php?thcode=3&code=850,https://en.wikipedia.org/wiki/16th_century,-98.04472222,19.04416667
97,18,Ciudad de los Angeles,La Puebla,Heroica Puebla de Zaragoza,1, , ,0, , ,Acuña 1984;Atlas 2010,https://www2.usgs.gov/science/records-matching.php?thcode=3&code=850,https://en.wikipedia.org/wiki/16th_century,-98.197222,19.043889
136,19,Sierra Nevada de Aolizapan,Aolizapan;Yaolizapan,Pico de Orizaba,1, ,Volcano,0, ,Mountain Range,Acuña 1984;Google Maps,https://www2.usgs.gov/science/records-matching.php?thcode=3&code=1209,https://en.wikipedia.org/wiki/16th_century,-97.26797555,19.03053972
120,20,Apan, ,Apan,1, , ,0, , ,Acuña 1984;Tanck de Estrada 2005: Atlas 1800,https://www2.usgs.gov/science/records-matching.php?thcode=3&code=850,https://en.wikipedia.org/wiki/16th_century,-98.44972222,19.71
107,21,Apazco, ,Apaxco De Ocampo,1, , ,0, , ,Acuña 1984;INEGI: MEX_topoloc,https://www2.usgs.gov/science/records-matching.php?thcode=3&code=850,https://en.wikipedia.org/wiki/16th_century,-99.17358823,19.97650189
137,22,Fuentes de Apitzacco,Apitzacco,Apizaco,2, ,Source,0, , ,Acuña 1984;Tanck de Estrada 2005: Atlas 1800,https://www2.usgs.gov/science/records-matching.php?thcode=3&code=48,https://en.wikipedia.org/wiki/16th_century,-98.14,19.41555556
284,23,Perú, ,Perú,1, , ,0, , ,GoogleMaps, , ,-76.6674997,-9.325485278
154,24,Iglesia Asunción de Nuestra Señora, ,Catedral de Tlaxcala,1, ,Cathedral,0, , ,Acuña 1984;Google Maps,https://www2.usgs.gov/science/records-matching.php?thcode=3&code=931,https://en.wikipedia.org/wiki/16th_century,-98.23769058,19.31371268
75,25,Atenpan, ,Atempan,1, , ,0, , ,Acuña 1984;Tanck de Estrada 2005: Atlas 1800,https://www2.usgs.gov/science/records-matching.php?thcode=3&code=850,https://en.wikipedia.org/wiki/16th_century,-97.45777778,19.83916667
112,26,Atitlalac, ,Atitalaquia,1, , ,0, , ,Acuña 1984;INEGI: MEX_topoloc,https://www2.usgs.gov/science/records-matching.php?thcode=3&code=850,https://en.wikipedia.org/wiki/16th_century,-99.22141532,20.05834079
237,27,Fuentes de Atotonilco, ,Balneario Xocual,1, ,Source,0, , ,Acuña 1984;GeoNames_MX,https://www2.usgs.gov/science/records-matching.php?thcode=3&code=48,https://en.wikipedia.org/wiki/16th_century,-98.05728,19.59657
185,28,Río de Atoyac, ,Río Atoyac,1, ,River,0, , ,Acuña 1984;GeoNames_MX,https://www2.usgs.gov/science/records-matching.php?thcode=3&code=960,https://en.wikipedia.org/wiki/16th_century,-98.33333,19.20417
223,29,Atlacuhuayan, ,Tacubaya,1, , ,0, , ,Acuña 1984;GeoNames_MX,https://www2.usgs.gov/science/records-matching.php?thcode=3&code=850,https://en.wikipedia.org/wiki/16th_century,-99.18808,19.40021
283,30,Nicaragua, ,Catedral Santiago de Managua,1, , ,0, , ,Acuña 1985;Google Maps,https://www2.usgs.gov/science/records-matching.php?thcode=3&code=850,https://en.wikipedia.org/wiki/16th_century,-86.27128652,12.15632203
119,31,Atlancatepec,San Juan Bautista,Atlangatepec,1, ,Pueblo,289,Depends on, ,Acuña 1984;Tanck de Estrada 2005: Atlas 1800,https://www2.usgs.gov/science/records-matching.php?thcode=3&code=850,https://en.wikipedia.org/wiki/16th_century,-98.20833333,19.53083333
188,32,Atlanmaxac, ,San Cosme Atlamaxac,2, ,Barrio,0, , ,Acuña 1984;GeoNames_MX, ,https://en.wikipedia.org/wiki/16th_century,-98.226334,19.238327
236,33,Atlantepetzinco, ,Cerro Teozoyo,1, ,Hill,0, , ,Acuña 1984;GeoNames_MX,https://www2.usgs.gov/science/records-matching.php?thcode=3&code=710,https://en.wikipedia.org/wiki/16th_century,-98.23357,19.57601
203,34,Atlauhtepec,Valle de San Juán;Atlahuitec, ,2, ,Valley,0, , ,Acuña 1984;GeoNames_MX,https://www2.usgs.gov/science/records-matching.php?thcode=3&code=1197,https://en.wikipedia.org/wiki/16th_century,-98.27013,19.31619
219,35,Atlhuexoyucan,San Mateo Atlhuexoyucan,San Mateo Huexoyucan,1, ,Pueblo,0, , ,Acuña 1984;GeoNames_MX,https://www2.usgs.gov/science/records-matching.php?thcode=3&code=850,https://en.wikipedia.org/wiki/16th_century,-98.284225,19.376048
220,36,Atlihuetzan de Santa María Concepción, ,Santa María Atlihuetzian,1, ,Pueblo,0, , ,Acuña 1984;GeoNames_MX,https://www2.usgs.gov/science/records-matching.php?thcode=3&code=850,https://en.wikipedia.org/wiki/16th_century,-98.17775,19.37697
156,37,Atliquetzan, ,Atlihuetzian,2, , ,0, , ,Acuña 1984;Google Maps;Garcia Granados 1995,https://www2.usgs.gov/science/records-matching.php?thcode=3&code=850,https://en.wikipedia.org/wiki/16th_century,-98.17605666,19.37557593
15,38,Valle de Atlixco, , ,1, ,Valley,0, , ,Acuña 1984;Allocated by research,https://www2.usgs.gov/science/records-matching.php?thcode=3&code=1197,https://en.wikipedia.org/wiki/16th_century,-98.47019244,18.96722848
170,39,Atlixtacan Tepexic,Atliztacan Tepexic,Tepexi de Rodriguez,1, ,Pueblo,0, , ,Acuña 1984;GeoNames_MX,https://www2.usgs.gov/science/records-matching.php?thcode=3&code=850,https://en.wikipedia.org/wiki/16th_century,-97.927601,18.580987
268,40,África,Africa,África,1, ,Continent,0, , ,GoogleMaps, , ,20.87464329,10.379393
269,41,Asia, ,Asia,1, ,Continent,0, , ,GoogleMaps, , ,83.35171599,45.79773351
257,42,Atlmoyahuacan, , ,2,Dissapeared. Close to Huejotzingo. It may be a barrio related to it.,Barrio,119, , ,Acuña 1984, ,https://en.wikipedia.org/wiki/16th_century,-98.31332,19.14216
186,43,Fuente de Atzompan, ,Manantial Ojo de Agua,1, ,Source,0, , ,Acuña 1984;GeoNames_MX,https://www2.usgs.gov/science/records-matching.php?thcode=3&code=48,https://en.wikipedia.org/wiki/16th_century,-97.745083,19.215912
147,44,Llanos de Atzompan, , ,2, , ,0, , ,Acuña 1984;Allocated by research,https://www2.usgs.gov/science/records-matching.php?thcode=3&code=850,https://en.wikipedia.org/wiki/16th_century,-98.15870264,19.59818921
11,45,Valle de Atzompan,Valle de Atzonpan, ,1, ,Valley,0, , ,Acuña 1984;Allocated by research,https://www2.usgs.gov/science/records-matching.php?thcode=3&code=1197,https://en.wikipedia.org/wiki/16th_century,-98.158653,19.58301541
77,46,Atzompan,Santa Clara;Santa Clara Atzompan,Ozumba,1, ,Pueblo,289,Depends on, ,Acuña 1984;Tanck de Estrada 2005: Atlas 1800,https://www2.usgs.gov/science/records-matching.php?thcode=3&code=850,https://en.wikipedia.org/wiki/16th_century,-98.17987,19.58512
168,47,Aulutla, ,Oluta,1, ,Pueblo,0, , ,Acuña 1984;Tanck de Estrada 2005: Atlas 1800,https://www2.usgs.gov/science/records-matching.php?thcode=3&code=850,https://en.wikipedia.org/wiki/16th_century,-94.89638889,17.9275
227,48,Ayoticpac, ,Cuauhtémoc Borough,1, ,Barrio,0, , ,Acuña 1984;Mundy 2015;GeoNames_MX, ,https://en.wikipedia.org/wiki/16th_century,-99.14303,19.4449
270,49,Europa, ,European Commission Headquarters,1, , ,0, , ,GoogleMaps, , ,4.382640682,50.84363906
9,50,Azcaputzalco, ,Azcapotzalco,1, , ,0, , ,Acuña 1984;Tanck de Estrada 2005: Atlas 1800,https://www2.usgs.gov/science/records-matching.php?thcode=3&code=850,https://en.wikipedia.org/wiki/16th_century,-99.18333333,19.48277778
271,51,Canarias, ,Las Palmas de Gran Canaria,1, ,Island,0, , ,GoogleMaps, , ,-15.43129133,28.1352976
253,52,Bacalaos, ,"Newfoundlands, Canada",1,"Newfoundlands, Canada",Province,0, , ,Acuña 1984;Turgeon 2009,https://www2.usgs.gov/science/records-matching.php?thcode=3&code=10,https://en.wikipedia.org/wiki/16th_century,-58.292063,54.531745
146,53,La California, , ,1, , ,0, , ,Acuña 1984;Google Maps,https://www2.usgs.gov/science/records-matching.php?thcode=3&code=850,https://en.wikipedia.org/wiki/16th_century,-113.3414975,27.61283002
263,54,Calnepalolco, , ,2,Dissapeared,Fortress,0, , ,Acuña 1984;Carrasco 2011;INAH_Sitios_Cuenca.shp,https://www2.usgs.gov/science/records-matching.php?thcode=3&code=416,https://en.wikipedia.org/wiki/16th_century,-98.40122,19.51037
66,55,Calpan, ,Calpan,1, , ,0, , ,Acuña 1984;Tanck de Estrada 2005: Atlas 1800,https://www2.usgs.gov/science/records-matching.php?thcode=3&code=850,https://en.wikipedia.org/wiki/16th_century,-98.46333333,19.10361111
64,56,Calpulalpan, ,Calpulalpan,1, , ,0, , ,Acuña 1984;Tanck de Estrada 2005: Atlas 1800,https://www2.usgs.gov/science/records-matching.php?thcode=3&code=850,https://en.wikipedia.org/wiki/16th_century,-98.56916667,19.58777778
132,57,Campeche,Campech Yucatán;Canpeche,Barrio de San Francisco,1, , ,0, , ,Acuña 1984;Tanck de Estrada 2005: Atlas 1800,https://www2.usgs.gov/science/records-matching.php?thcode=3&code=850,https://en.wikipedia.org/wiki/16th_century,-90.52472222,19.85166667
241,58,Castilblanco San Francisco,Castilblanca;San Francisco Castilblanco,Tenamictic,1,"When Cortés arrived this place was called Ixtacamaxtitlán and was on the top of the Acolhua mountain, later this town was moved to the southwest where it is today.",Pueblo,0, , ,Acuña 1984;INAH_Sitios_Cuenca.shp;Myers 2015,https://www2.usgs.gov/science/records-matching.php?thcode=3&code=850,https://en.wikipedia.org/wiki/16th_century,-97.796523,19.628842
78,59,Cempoallan, ,Zempoala,1, , ,0, , ,Acuña 1984;Tanck de Estrada 2005: Atlas 1800,https://www2.usgs.gov/science/records-matching.php?thcode=3&code=850,https://en.wikipedia.org/wiki/16th_century,-98.66972222,19.915
272,60,Cartago, ,Tunez,1, , ,0, , ,GoogleMaps, , ,10.34083633,36.87223451
36,61,Cichu, ,Xichú,1, , ,0, , ,Acuña 1984;Atlas 2010,https://www2.usgs.gov/science/records-matching.php?thcode=3&code=850,https://en.wikipedia.org/wiki/16th_century,-100.059444,21.298333
249,62,Río Ciro, ,Río Diala,1, ,River,0, , ,Acuña 1984;Barja & Morillo 2001,https://www2.usgs.gov/science/records-matching.php?thcode=3&code=960,https://en.wikipedia.org/wiki/16th_century,44.506521,33.222041
273,63,Castilla, , ,1, , ,0, , ,GoogleMaps, , ,-4.036373825,39.02985948
3,64,Cohuatepeque, ,Coatepec,1, , ,0, , ,Acuña 1984;Tanck de Estrada 2005: Atlas 1800,https://www2.usgs.gov/science/records-matching.php?thcode=3&code=850,https://en.wikipedia.org/wiki/16th_century,-98.55888889,18.6675
103,65,Cohuatlichan, ,Coatlinchan,1, ,Sujeto,299,Depends on, ,Acuña 1984;Tanck de Estrada 2005: Atlas 1800, ,https://en.wikipedia.org/wiki/16th_century,-98.87222222,19.44888889
6,66,Cohuatzaqualco,Coatzaquálco,Villa Allende,1, , ,0, , ,Acuña 1984;Scholes and Roys 1996;Google Maps,https://www2.usgs.gov/science/records-matching.php?thcode=3&code=850,https://en.wikipedia.org/wiki/16th_century,-94.385122,18.14741
204,67,Comallan, ,Comala,1, ,Pueblo,0, , ,Acuña 1984;GeoNames_MX,https://www2.usgs.gov/science/records-matching.php?thcode=3&code=850,https://en.wikipedia.org/wiki/16th_century,-103.75926,19.32717
25,68,Compostela, ,Compostela,1, , ,0, , ,Acuña 1984;Atlas 2010,https://www2.usgs.gov/science/records-matching.php?thcode=3&code=850,https://en.wikipedia.org/wiki/16th_century,-104.900556,21.2375
157,69,Contlan, ,Contla,1, ,Barrio,0, , ,Acuña 1984;Google Maps, ,https://en.wikipedia.org/wiki/16th_century,-98.16844999,19.33444472
218,70,San Marcos Contlantzinco, ,San Miguel Contla,1, ,Barrio,0, , ,Acuña 1984;GeoNames_MX, ,https://en.wikipedia.org/wiki/16th_century,-98.1325,19.36111
245,71,Coyamatepeque, ,Coyametepec,1, ,Pueblo,0, , ,Acuña 1984;GeoNames_MX,https://www2.usgs.gov/science/records-matching.php?thcode=3&code=850,https://en.wikipedia.org/wiki/16th_century,-98.197419,20.116683
116,72,Coyohuacan, ,Coyoacán,1, , ,0, , ,Acuña 1984;Atlas 2010,https://www2.usgs.gov/science/records-matching.php?thcode=3&code=850,https://en.wikipedia.org/wiki/16th_century,-99.161944,19.35
211,73,Coyutepetl, ,Cerro Cuautzi,1, ,Hill,0, , ,Acuña 1984;GeoNames_MX,https://www2.usgs.gov/science/records-matching.php?thcode=3&code=710,https://en.wikipedia.org/wiki/16th_century,-98.23456,19.34713
16,74,Cozcatlan,Cuzcatlan,Coxcatlan,1, , ,0, , ,Acuña 1984;INEGI: MEX_topoloc,https://www2.usgs.gov/science/records-matching.php?thcode=3&code=850,https://en.wikipedia.org/wiki/16th_century,-97.15064989,18.26664894
37,75,Cozumel, ,Cozumel,1, , ,0, , ,Acuña 1984;INEGI: MEX_topoloc,https://www2.usgs.gov/science/records-matching.php?thcode=3&code=850,https://en.wikipedia.org/wiki/16th_century,-86.94587284,20.50156211
121,76,Isla de Cuba,Cuba,Catedral de la Virgen María de la Concepción Inmaculada de La Habana,1, ,Island,0, , ,Acuña 1984;Google Maps,https://www2.usgs.gov/science/records-matching.php?thcode=3&code=575,https://en.wikipedia.org/wiki/16th_century,-82.35189338,23.14143654
131,77,Cuetlaxtlan, ,Cotaxtla,1, , ,0, , ,Acuña 1984;Tanck de Estrada 2005: Atlas 1800,https://www2.usgs.gov/science/records-matching.php?thcode=3&code=850,https://en.wikipedia.org/wiki/16th_century,-96.39722222,18.83416667
2,78,Ocotelulco,Cuitlizco;Quitlizco;Cuitlixco;Tecpan Ocotelulco;Tecpan,Ocotelulco,1,Señorio,Cabecera,353,Depends on,Barrio,Acuña 1984;Gibson 1991;Tanck de Estrada 2005: Atlas 1800, ,https://en.wikipedia.org/wiki/16th_century,-98.2375,19.32972222
274,79,China, ,Beijing,1, ,Kingdom,0, , ,Acuña 1985;Google Maps,https://www2.usgs.gov/science/records-matching.php?thcode=3&code=843,https://en.wikipedia.org/wiki/16th_century,116.3910143,39.92383583
275,80,España, ,San Lorenzo del Escorial,1, , ,0, , ,GoogleMaps, , ,-4.148009986,40.58901942
117,81,Culhuacan, ,Culhuacan,1, , ,0, , ,Acuña 1984;Tanck de Estrada 2005: Atlas 1800,https://www2.usgs.gov/science/records-matching.php?thcode=3&code=850,https://en.wikipedia.org/wiki/16th_century,-99.10694444,19.33777778
174,82,Chachapatzinco, ,Chachapa,2, ,Pueblo,0, , ,Acuña 1984;Reyes Garcia 1978,https://www2.usgs.gov/science/records-matching.php?thcode=3&code=850,https://en.wikipedia.org/wiki/16th_century,-98.08333,19.03333
41,83,Chalco,Teotlacochalco,Chalco,1, , ,0, , ,Acuña 1984;Google Maps;Tanck de Estrada 2005: Atlas 1800,https://www2.usgs.gov/science/records-matching.php?thcode=3&code=850,https://en.wikipedia.org/wiki/16th_century,-98.89639959,19.26195825
193,84,Sierra Nevada de Chalco, ,Volcan Iztaccihuatl,1, ,Mountain Range,0, , ,Acuña 1984;Toponimos50k,https://www2.usgs.gov/science/records-matching.php?thcode=3&code=708,https://en.wikipedia.org/wiki/16th_century,-98.64196198,19.17833388
276,85,Estrecho de Magallanes, ,Estrecho de Magallanes,1, , ,0, , ,GoogleMaps, , ,-70.79557875,-53.5696651
277,86,Ganges,Río Ganges,Río Ganges,1, ,River,0, , ,GoogleMaps, , ,77.15872153,29.79841444
278,87,Honduras, ,Honduras,1, , ,0, , ,GoogleMaps, , ,-87.02079648,14.31639735
201,88,Chalchihuapan,Chalchihuapan de la Asunción,Catedral de Tlaxcala,2, ,Church,0, , ,Acuña 1984;GeoNames_MX,https://www2.usgs.gov/science/records-matching.php?thcode=3&code=931,https://en.wikipedia.org/wiki/16th_century,-98.23757441,19.31365262
279,89,Irlanda, ,Dublin,1, , ,0, , ,GoogleMaps, , ,-6.262448095,53.34681549
216,90,Chanpotón, ,Champotón,1, ,Harbor,0, ,Pueblo,Acuña 1984;GeoNames_MX,https://www2.usgs.gov/science/records-matching.php?thcode=3&code=485,https://en.wikipedia.org/wiki/16th_century,-90.723335,19.357593
113,92,Chiapan, ,Chapa De Mota,1, , ,0, , ,Acuña 1984;Tanck de Estrada 2005: Atlas 1800,https://www2.usgs.gov/science/records-matching.php?thcode=3&code=850,https://en.wikipedia.org/wiki/16th_century,-99.52638889,19.81527778
281,93,Lacedemonia, ,Sparta,1, , ,0, , ,GoogleMaps, , ,22.42981059,37.0749024
32,94,Chietlan, ,Chietla,1, , ,0, , ,Acuña 1984;Tanck de Estrada 2005: Atlas 1800,https://www2.usgs.gov/science/records-matching.php?thcode=3&code=850,https://en.wikipedia.org/wiki/16th_century,-98.57861111,18.51833333
86,95,Chimalhuacan, ,Chimalhuacán,1, , ,0, , ,Acuña 1984;Google Maps;Atlas 2010,https://www2.usgs.gov/science/records-matching.php?thcode=3&code=850,https://en.wikipedia.org/wiki/16th_century,-98.945278,19.416667
251,96,Sierras de Chisca, ,Appalachian Mountains,1, ,Hill,0, , ,Acuña 1984;Beck 1997,https://www2.usgs.gov/science/records-matching.php?thcode=3&code=710,https://en.wikipedia.org/wiki/16th_century,-84.685367,35.007498
282,98,Medellín, ,Medellín,1, , ,0, , ,GoogleMaps, , ,-5.956332582,38.9668032
80,99,Cholulan,Chollola;Tollan Chollolan,Cholula De Rivadabia,1, , ,0, , ,Acuña 1984;Google Maps;INEGI: MEX_topoloc,https://www2.usgs.gov/science/records-matching.php?thcode=3&code=850,https://en.wikipedia.org/wiki/16th_century,-98.30177942,19.05826813
252,100,Dieppe, ,Dieppe,1, ,City,0, , ,Acuña 1984;GeoNames_MX,https://www2.usgs.gov/science/records-matching.php?thcode=3&code=202,https://en.wikipedia.org/wiki/16th_century,1.075249,49.922477
280,101,Jerusalem, ,Jerusalem,1, , ,0, , ,GoogleMaps, , ,35.23499396,31.77811344
163,102,Etzalco,Izalcos;Los Izalcos, ,1,"Municipality of Izalco, El Salvador",Region,0, , ,Acuña 1984;GeoNames_MX,https://www2.usgs.gov/science/records-matching.php?thcode=3&code=10,https://en.wikipedia.org/wiki/16th_century,-89.677878,13.744947
287,103,Sevilla, ,Sevilla,1, , ,0, , ,GoogleMaps, , ,-5.99702321,37.39052274
165,104,Islas Filipinas,Filipinas;Islas del Poniente,Filipinas,1, ,Island,0, , ,Acuña 1984;Google Maps,https://www2.usgs.gov/science/records-matching.php?thcode=3&code=575,https://en.wikipedia.org/wiki/16th_century,121.0099516,14.5990217
134,105,La Florida, , ,1, , ,0, , ,Acuña 1984;Allocated by research,https://www2.usgs.gov/science/records-matching.php?thcode=3&code=850,https://en.wikipedia.org/wiki/16th_century,-81.54681046,27.95827914
267,106,Fort Caroline, , ,2,Dissapeared. French Colonial Settlement, ,0, , ,Acuña 1984;McGrath 2000,https://www2.usgs.gov/science/records-matching.php?thcode=3&code=850,https://en.wikipedia.org/wiki/16th_century,-81.431073,30.410923
33,107,Guamantla,Huamantla;Quamantla;San Luis Quamantla;San Luis Huamantla,Huamantla,1, ,Pueblo,353,Depends on, ,Acuña 1984;Tanck de Estrada 2005: Atlas 1800,https://www2.usgs.gov/science/records-matching.php?thcode=3&code=850,https://en.wikipedia.org/wiki/16th_century,-97.92333333,19.31138889
27,109,Guatemala,Quauhtemallan;Guatimalla,Antigua Guatemala,1, , ,0, , ,Acuña 1984;Google Maps,https://www2.usgs.gov/science/records-matching.php?thcode=3&code=850,https://en.wikipedia.org/wiki/16th_century,-90.73486111,14.54983333
82,110,Guaxacac,Oaxaca;Quaxacac,Oaxaca De Juarez,1, , ,0, , ,Acuña 1984;INEGI: MEX_topoloc,https://www2.usgs.gov/science/records-matching.php?thcode=3&code=850,https://en.wikipedia.org/wiki/16th_century,-96.72190157,17.0605374
166,111,Las Higüeras, ,Honduras,1,XXX, ,0, , ,Acuña 1984;GeoNames_MX,https://www2.usgs.gov/science/records-matching.php?thcode=3&code=850,https://en.wikipedia.org/wiki/16th_century,-87.92854,15.82541
243,112,Hotlatla, ,Otlatlán,1, ,Pueblo,0, , ,Acuña 1984;GeoNames_MX,https://www2.usgs.gov/science/records-matching.php?thcode=3&code=850,https://en.wikipedia.org/wiki/16th_century,-97.939173,19.854861
187,114,Huapacalco, ,Santa Apolonia Teacalco,2, ,Pueblo,0, , ,Acuña 1984;Allocated by research,https://www2.usgs.gov/science/records-matching.php?thcode=3&code=850,https://en.wikipedia.org/wiki/16th_century,-98.309438,19.237348
172,116,Huastepeque, ,Oaxtepec,1, ,Town,0, , ,Acuña 1984;Tanck de Estrada 2005: Atlas 1800,https://www2.usgs.gov/science/records-matching.php?thcode=3&code=850,https://en.wikipedia.org/wiki/16th_century,-98.97027778,18.90638889
171,117,Huehuetlan, ,Huehuetlan,1, ,Pueblo,0, , ,Acuña 1984;Google Maps;Tanck de Estrada 2005: Atlas 1800,https://www2.usgs.gov/science/records-matching.php?thcode=3&code=850,https://en.wikipedia.org/wiki/16th_century,-98.16725219,18.73766813
242,118,Huehueychocayan,Hueyichocayan,Huehuechocan,2, , ,0, , ,Acuña 1984;Suarez 2004,https://www2.usgs.gov/science/records-matching.php?thcode=3&code=850,https://en.wikipedia.org/wiki/16th_century,-98.316755,19.749834
0,119,Huexotzinco, ,Huejotzingo,1, , ,0, , ,Acuña 1984;Tanck de Estrada 2005: Atlas 1800,https://www2.usgs.gov/science/records-matching.php?thcode=3&code=850,https://en.wikipedia.org/wiki/16th_century,-98.40611111,19.16
288,120,Ávalos, ,Sayula,1, , ,0, , ,Acuña 1987;Tanck de Estrada 2005: Atlas 1800,https://www2.usgs.gov/science/records-matching.php?thcode=3&code=850,https://en.wikipedia.org/wiki/16th_century,-103.6005556,19.88277778
56,121,Hueyotlipan, ,Hueyotlipan,1, , ,0, , ,Acuña 1984;Tanck de Estrada 2005: Atlas 1800,https://www2.usgs.gov/science/records-matching.php?thcode=3&code=850,https://en.wikipedia.org/wiki/16th_century,-98.34583333,19.46861111
17,122,Hueypuchtlan, ,Hueypoxtla,1, , ,0, , ,Acuña 1984;Google Maps;Tanck de Estrada 2005: Atlas 1800,https://www2.usgs.gov/science/records-matching.php?thcode=3&code=850,https://en.wikipedia.org/wiki/16th_century,-99.07836928,19.90709696
72,123,Huitzilopuchco, ,Churubusco,1, , ,0, , ,Acuña 1984;Tanck de Estrada 2005: Atlas 1800,https://www2.usgs.gov/science/records-matching.php?thcode=3&code=850,https://en.wikipedia.org/wiki/16th_century,-99.14611111,19.35416667
289,124,Culhuacan,Culiacan,Culiacan Rosales,1, , ,0, , ,Acuña 1986;Atlas 2010,https://www2.usgs.gov/science/records-matching.php?thcode=3&code=850,https://en.wikipedia.org/wiki/16th_century,-107.393611,24.808611
290,125,Xilotepec, ,Jilotepec,1, ,Cabecera,28,Depends on, ,Acuña 1985;INEGI: MEX_topoloc, ,https://en.wikipedia.org/wiki/16th_century,-96.95153637,19.61217923
52,126,Ilihuizapan, ,Orizaba,1, , ,0, , ,Acuña 1984;Tanck de Estrada 2005: Atlas 1800,https://www2.usgs.gov/science/records-matching.php?thcode=3&code=850,https://en.wikipedia.org/wiki/16th_century,-97.10361111,18.84972222
291,127,Zacatecas,Las Zacatecas,Cerro del Grillo,1, ,Mining Camp,0, , ,Acuña 1987;Google Maps,https://www2.usgs.gov/science/records-matching.php?thcode=3&code=685,https://en.wikipedia.org/wiki/16th_century,-102.5795724,22.77667536
29,128,Itzocan,Izúcar;Izúlar;Izúlar;Zúlar;Itzucan,Izúcar de Matamoros,1, , ,0, , ,Acuña 1984;Tanck de Estrada 2005: Atlas 1800,https://www2.usgs.gov/science/records-matching.php?thcode=3&code=850,https://en.wikipedia.org/wiki/16th_century,-98.465,18.60305556
74,129,Itztlohtlan, ,Estetla,1, , ,0, , ,Acuña 1984;Tanck de Estrada 2005: Atlas 1800,https://www2.usgs.gov/science/records-matching.php?thcode=3&code=850,https://en.wikipedia.org/wiki/16th_century,-97.09583333,17.02583333
292,130,Nueva España, ,México,1, , ,0, , ,Allocated by research, ,https://en.wikipedia.org/wiki/16th_century,-99.12477328,19.45212213
184,131,Iztac, ,Iztaccihatl,1,Sierra nevada de Huexotzinco Iztaccihuatl,Hill,0, , ,Acuña 1984;Toponimos50k,https://www2.usgs.gov/science/records-matching.php?thcode=3&code=710,https://en.wikipedia.org/wiki/16th_century,-98.64196194,19.17833389
115,132,La Laguna, , ,1, ,Lake,0, , ,Acuña 1984;Allocated by research,https://www2.usgs.gov/science/records-matching.php?thcode=3&code=596,https://en.wikipedia.org/wiki/16th_century,-99.02290458,19.48152069
293,133,Las Indias,Nuevo Mundo,Las Indias Occidentales,1, , ,0, , ,Allocated by research, ,https://en.wikipedia.org/wiki/16th_century,-75.351208,19.24294408
294,134,Gran India,La Gran India,India,1, , ,0, , ,GoogleMaps, , ,0,0
244,135,Mar del Norte, , ,1, ,Sea,0, , ,Acuña 1984;Allocated by research,https://www2.usgs.gov/science/records-matching.php?thcode=3&code=1015,https://en.wikipedia.org/wiki/16th_century,-94.64480019,20.00849701
164,136,Mar del Sur, , ,1, ,Sea,0, , ,Acuña 1984;Allocated by research,https://www2.usgs.gov/science/records-matching.php?thcode=3&code=1015,https://en.wikipedia.org/wiki/16th_century,-97.03372485,14.27339534
93,137,Maroatio, ,Maravatio,1, , ,0, , ,Acuña 1984;Tanck de Estrada 2005: Atlas 1800,https://www2.usgs.gov/science/records-matching.php?thcode=3&code=850,https://en.wikipedia.org/wiki/16th_century,-100.4425,19.89277778
295,139,India de Portugal, ,Río de Janeiro,1, , ,0, , ,GoogleMaps, , ,0,0
124,142,Mazaapan, ,San Francisco Mazapa,1, , ,0, , ,Acuña 1984;Atlas 2010,https://www2.usgs.gov/science/records-matching.php?thcode=3&code=850,https://en.wikipedia.org/wiki/16th_century,-98.833889,19.690833
105,147,Metztitlan,Mextitlan;Maxtitlan,Metztitlan,1, , ,0, , ,Acuña 1984;INEGI: MEX_topoloc,https://www2.usgs.gov/science/records-matching.php?thcode=3&code=850,https://en.wikipedia.org/wiki/16th_century,-98.76306062,20.5943101
48,148,Mexicatzinco, ,Mexicaltzingo,1, , ,0, , ,Acuña 1984;Tanck de Estrada 2005: Atlas 1800,https://www2.usgs.gov/science/records-matching.php?thcode=3&code=850,https://en.wikipedia.org/wiki/16th_century,-99.11888889,19.35555555
40,149,México,México Tenochtitlan;Tenochtitlan;Tenuchtitlan;Quauhnochtitlan,Tenochtitlan,1, , ,0, , ,Acuña 1984;Google Maps;Tanck de Estrada 2005: Atlas 1800,https://www2.usgs.gov/science/records-matching.php?thcode=3&code=850,https://en.wikipedia.org/wiki/16th_century,-99.1313711,19.43492025
226,150,Catedral de México, ,Catedral Metropolitana,1, ,Cathedral,0, , ,Acuña 1984;GeoNames_MX,https://www2.usgs.gov/science/records-matching.php?thcode=3&code=931,https://en.wikipedia.org/wiki/16th_century,-99.1332,19.43416
260,152,Mitlmani, , ,2,Dissapeared. Somewhere north to Tepeticpac,Pueblo,0, , ,Acuña 1984;GeoNames_MX,https://www2.usgs.gov/science/records-matching.php?thcode=3&code=850,https://en.wikipedia.org/wiki/16th_century,-98.210152,19.362155
192,153,Mixco, ,San Juan Mixco,1, ,Pueblo,0, , ,Acuña 1984;GeoNames_MX,https://www2.usgs.gov/science/records-matching.php?thcode=3&code=850,https://en.wikipedia.org/wiki/16th_century,-98.31324,19.262952
232,157,Sierra de Perote Nappatecuhtli, ,Cofre de Perote,1, ,Hill,0, , ,Acuña 1984;GeoNames_MX,https://www2.usgs.gov/science/records-matching.php?thcode=3&code=710,https://en.wikipedia.org/wiki/16th_century,-97.15235,19.48461
248,159,Nochiztlan,Michiztlan,Nochistlan,1, ,Pueblo,0, , ,Acuña 1984;Tanck de Estrada 2005: Atlas 1800,https://www2.usgs.gov/science/records-matching.php?thcode=3&code=850,https://en.wikipedia.org/wiki/16th_century,-102.8455556,21.36055556
19,161,Nopalucan,Nopalocan,Nopalucan,1, , ,0, , ,Acuña 1984;Tanck de Estrada 2005: Atlas 1800,https://www2.usgs.gov/science/records-matching.php?thcode=3&code=850,https://en.wikipedia.org/wiki/16th_century,-97.82166667,19.21444444
231,162,Ermita Nuestra Señora de los Remedios, ,Basílica Nuestra Señora de los Remedios,1, ,Church,0, , ,Acuña 1984;GeoNames_MX,https://www2.usgs.gov/science/records-matching.php?thcode=3&code=931,https://en.wikipedia.org/wiki/16th_century,-99.251436,19.47238
202,163,Capilla Nuestra Señora del Rosario, ,Catedral de Tlaxcala,1, ,Church,0, , ,Acuña 1984;GeoNames_MX,https://www2.usgs.gov/science/records-matching.php?thcode=3&code=931,https://en.wikipedia.org/wiki/16th_century,-98.23753872,19.3137359
261,166,Ocelotepeque, , ,2,Disappeared. One of the pueblos in the route of the chichimecas to Tlaxcala, ,0, , ,Acuña 1984,https://www2.usgs.gov/science/records-matching.php?thcode=3&code=850,https://en.wikipedia.org/wiki/16th_century,-98.24765,19.36443
89,169,Oquario, ,Ucareo,1, , ,0, , ,Acuña 1984;Tanck de Estrada 2005: Atlas 1800,https://www2.usgs.gov/science/records-matching.php?thcode=3&code=850,https://en.wikipedia.org/wiki/16th_century,-100.6863889,19.89833333
61,170,Otumpan,Aztaquemecan,Otumba,1, , ,0, , ,Acuña 1984;Tanck de Estrada 2005: Atlas 1800,https://www2.usgs.gov/science/records-matching.php?thcode=3&code=850,https://en.wikipedia.org/wiki/16th_century,-98.75472222,19.69694444
108,172,Pahuatlan, ,Pahuatlan,1, , ,0, , ,Acuña 1984;Tanck de Estrada 2005: Atlas 1800,https://www2.usgs.gov/science/records-matching.php?thcode=3&code=850,https://en.wikipedia.org/wiki/16th_century,-98.15,20.27416667
258,173,Puente de Panotlan, , ,2,Dissapeared,Bridge,0, , ,Acuña 1984,https://www2.usgs.gov/science/records-matching.php?thcode=3&code=140,https://en.wikipedia.org/wiki/16th_century,-98.26178,19.31262
100,174,Pánuco,Huasteca de Pánuco,Pánuco,1, , ,0, , ,Acuña 1984;Tanck de Estrada 2005: Atlas 1800,https://www2.usgs.gov/science/records-matching.php?thcode=3&code=850,https://en.wikipedia.org/wiki/16th_century,-98.181111,22.053611
99,175,Papantla, ,Papantla,1, , ,0, , ,Acuña 1984;Tanck de Estrada 2005: Atlas 1800,https://www2.usgs.gov/science/records-matching.php?thcode=3&code=850,https://en.wikipedia.org/wiki/16th_century,-97.32,20.44777778
234,176,Venta de Sierra de Perote, ,Perote,1, ,Inn,0, , ,Acuña 1984;GeoNames_MX,https://www2.usgs.gov/science/records-matching.php?thcode=3&code=143,https://en.wikipedia.org/wiki/16th_century,-97.242665,19.561386
183,177,Venta del Pinar, ,La Venta,1, ,Inn,0, , ,Acuña 1984;Yoneda 2005,https://www2.usgs.gov/science/records-matching.php?thcode=3&code=143,https://en.wikipedia.org/wiki/16th_century,-97.90769,19.17565
173,178,Popucatepetl, ,Popocatépetl,1, ,Hill,0, , ,Acuña 1984;Google Maps,https://www2.usgs.gov/science/records-matching.php?thcode=3&code=710,https://en.wikipedia.org/wiki/16th_century,-98.62376841,19.02317214
175,179,Sierra dé Poyauhtecatl, ,Pico de Orizaba,1, ,Mountain Range,0, , ,Acuña 1984;GeoNames_MX,https://www2.usgs.gov/science/records-matching.php?thcode=3&code=708,https://en.wikipedia.org/wiki/16th_century,-97.26938,19.036267
18,180,Poyauhtlan, ,Tequila,1, , ,0, , ,Acuña 1984;Tanck de Estrada 2005: Atlas 1800,https://www2.usgs.gov/science/records-matching.php?thcode=3&code=850,https://en.wikipedia.org/wiki/16th_century,-97.07027778,18.72944444
228,181,Laguna de Poyauhtlan, ,Texcoco Lake (Nabor Carrillo),1, ,Lake,0, , ,Acuña 1984;GeoNames_MX,https://www2.usgs.gov/science/records-matching.php?thcode=3&code=596,https://en.wikipedia.org/wiki/16th_century,-98.966897,19.466962
207,185,Ermita de la Purificación, ,"Iglesia la Candelaria, Teotlalpan",2, ,Church,0, , ,Acuña 1984;GeoNames_MX,https://www2.usgs.gov/science/records-matching.php?thcode=3&code=931,https://en.wikipedia.org/wiki/16th_century,-98.225325,19.333396
167,187,Quauhchimalco, ,Coachimalco,1, ,Pueblo,0, , ,Acuña 1984;GeoNames_MX,https://www2.usgs.gov/science/records-matching.php?thcode=3&code=850,https://en.wikipedia.org/wiki/16th_century,-98.681603,17.624853
215,188,Quauhchimalpan, ,Cuajimalpa,1, ,Town,0, , ,Acuña 1984;GeoNames_MX,https://www2.usgs.gov/science/records-matching.php?thcode=3&code=850,https://en.wikipedia.org/wiki/16th_century,-99.298735,19.357198
1,189,Quauhchinanco,Quauhchimalco,Huauchinango,1, , ,0, , ,Acuña 1984;Tanck de Estrada 2005: Atlas 1800,https://www2.usgs.gov/science/records-matching.php?thcode=3&code=850,https://en.wikipedia.org/wiki/16th_century,-98.0525,20.17472222
57,191,Quauhquechollan,Quauhquechulla;Quauhquechullan,Huaquechula,1, , ,0, , ,Acuña 1984;Tanck de Estrada 2005: Atlas 1800,https://www2.usgs.gov/science/records-matching.php?thcode=3&code=850,https://en.wikipedia.org/wiki/16th_century,-98.54277778,18.77
222,194,Quauhtepec, ,Cerro El Aguila,2, ,Hill,0, , ,Acuña 1984;GeoNames_MX,https://www2.usgs.gov/science/records-matching.php?thcode=3&code=710,https://en.wikipedia.org/wiki/16th_century,-98.30302,19.39709
60,195,Quauhtinchan,Quauhtinchan,Cuautinchan,1, , ,0, , ,Acuña 1984;Tanck de Estrada 2005: Atlas 1800,https://www2.usgs.gov/science/records-matching.php?thcode=3&code=850,https://en.wikipedia.org/wiki/16th_century,-98.01722222,18.95555556
91,196,Quauhtitlan, ,Cuautitlan,1, , ,0, , ,Acuña 1984;Tanck de Estrada 2005: Atlas 1800,https://www2.usgs.gov/science/records-matching.php?thcode=3&code=850,https://en.wikipedia.org/wiki/16th_century,-99.17916667,19.66694444
14,198,Quechulac,Quechullac,Quecholac,1, , ,0, , ,Acuña 1984;Tanck de Estrada 2005: Atlas 1800,https://www2.usgs.gov/science/records-matching.php?thcode=3&code=850,https://en.wikipedia.org/wiki/16th_century,-97.6575,18.95444444
13,199,Querétaro, ,Querétaro,1, , ,0, , ,Acuña 1984;GeoNames_MX,https://www2.usgs.gov/science/records-matching.php?thcode=3&code=850,https://en.wikipedia.org/wiki/16th_century,-100.39247,20.59065
141,201,Quiyahuiztlan, ,Quiahuixtlan,1, ,Cabecera,353,Depends on,Barrio,Acuña 1984;Tanck de Estrada 2005: Atlas 1800, ,https://en.wikipedia.org/wiki/16th_century,-98.24388889,19.33333333
158,203,Ermita San Bernardino, ,Iglesia San Bernardino Contla,1, ,Shrine,0, , ,Acuña 1984;Google Maps,https://www2.usgs.gov/science/records-matching.php?thcode=3&code=700,https://en.wikipedia.org/wiki/16th_century,-98.16728814,19.33359817
149,204,Barrio San Buenaventura,San Buenaventura;Atenpan,San Buenaventura Atempan,1,"Barrio de la orilla del agua""""",Barrio,353,Depends on, ,Acuña 1984;Google Maps, ,https://en.wikipedia.org/wiki/16th_century,-98.21950898,19.32593056
208,205,Ermita San Esteban, ,Templo de San Esteban Tizatlán,1, ,Church,0, , ,Acuña 1984;GeoNames_MX,https://www2.usgs.gov/science/records-matching.php?thcode=3&code=931,https://en.wikipedia.org/wiki/16th_century,-98.217999,19.337645
198,208,Llanos de Barrio San Felipe, , ,1,XXXX,Region,0, , ,Acuña 1984;GeoNames_MX,https://www2.usgs.gov/science/records-matching.php?thcode=3&code=10,https://en.wikipedia.org/wiki/16th_century,-98.35135,19.30611
225,210,Convento San Francisco, ,Ex Convento de San Francisco,1, ,Convent,0, , ,Acuña 1984;GeoNames_MX,https://www2.usgs.gov/science/records-matching.php?thcode=3&code=931,https://en.wikipedia.org/wiki/16th_century,-99.13996,19.433475
190,211,Ermita de San Francisco, ,"Iglesia de San Rafel Arcangel, San Rafael Tenanyecac",1, ,Shrine,271, , ,Acuña 1984;GeoNames_MX,https://www2.usgs.gov/science/records-matching.php?thcode=3&code=700,https://en.wikipedia.org/wiki/16th_century,-98.366547,19.245379
191,213,San Francisco Topoyanco, ,San Francisco Tepeyanco,1, ,Pueblo,0, , ,Acuña 1984;GeoNames_MX,https://www2.usgs.gov/science/records-matching.php?thcode=3&code=850,https://en.wikipedia.org/wiki/16th_century,-98.235953,19.247372
230,214,Iglesia y monasterio San lldefonso, ,"Parroquia de San Ildefonso, Hueyotlipan",1, ,Church,0, ,Monastery,Acuña 1984;GeoNames_MX,https://www2.usgs.gov/science/records-matching.php?thcode=3&code=931,https://en.wikipedia.org/wiki/16th_century,-98.349002,19.469658
254,215,San Ildefonso Hueyotlipan, ,Hueyotlipan,1, ,Pueblo,0, , ,Acuña 1984;GeoNames_MX,https://www2.usgs.gov/science/records-matching.php?thcode=3&code=850,https://en.wikipedia.org/wiki/16th_century,1,1
155,216,Capilla San José, ,Capilla Abierta,1, ,Chapel,0, , ,Acuña 1984;Google Maps,https://www2.usgs.gov/science/records-matching.php?thcode=3&code=931,https://en.wikipedia.org/wiki/16th_century,-98.23832946,19.31376836
150,218,Iglesia de San Juan Bautista, ,Iglesia de S Juan Totolac,1, ,Church,331,Depends on, ,Acuña 1984;Google Maps,https://www2.usgs.gov/science/records-matching.php?thcode=3&code=931,https://en.wikipedia.org/wiki/16th_century,-98.25830586,19.32658528
151,219,Puente de San Juan Bautista,Puente de San Juan, ,2, ,Bridge,0, , ,Acuña 1984;Allocated by research,https://www2.usgs.gov/science/records-matching.php?thcode=3&code=140,https://en.wikipedia.org/wiki/16th_century,-98.25185939,19.32269889
153,220,Valle de San Juan Bautista,Atlahuitec, ,2, ,Valley,0, , ,Acuña 1984;Allocated by research,https://www2.usgs.gov/science/records-matching.php?thcode=3&code=1197,https://en.wikipedia.org/wiki/16th_century,-98.25107742,19.33461148
224,221,Tianguez de San Juan de México, ,Mercado de San Juán,1, ,Market,0, , ,Acuña 1984;GeoNames_MX,https://www2.usgs.gov/science/records-matching.php?thcode=3&code=229,https://en.wikipedia.org/wiki/16th_century,-99.144379,19.430209
63,222,San Juan de Ulúa,Chalchicueyecan Quiyahuiztlan;Medellín,Castillo San Juan de Ulúa,1, ,Harbor,0, , ,Acuña 1984;Toponimos50k,https://www2.usgs.gov/science/records-matching.php?thcode=3&code=485,https://en.wikipedia.org/wiki/16th_century,-96.12785417,19.21096055
200,224,Monasterio de San Luis Huamantla, ,Parroquia de San Luis Obispo,1,It's Guamantla (107),Parish,0, , ,Acuña 1984;GeoNames_MX,https://www2.usgs.gov/science/records-matching.php?thcode=3&code=272,https://en.wikipedia.org/wiki/16th_century,-97.923613,19.313621
161,227,Ermita San Miguel, ,Iglesia San Miguel Xochitecatitla,1, ,Shrine,0, , ,Acuña 1984;Google Maps,https://www2.usgs.gov/science/records-matching.php?thcode=3&code=700,https://en.wikipedia.org/wiki/16th_century,-98.35796514,19.2396692
152,228,Barrio San Nicolás,San Nicolás,Capilla de San Nicolás Tolentino,1, ,Barrio,353,Depends on, ,Acuña 1984;Google Maps, ,https://en.wikipedia.org/wiki/16th_century,-98.23489433,19.31807637
238,229,San Pedro Tocomallocan, ,Tecomalucan,1, ,Pueblo,0, , ,Acuña 1984;GeoNames_MX,https://www2.usgs.gov/science/records-matching.php?thcode=3&code=850,https://en.wikipedia.org/wiki/16th_century,-98.061125,19.602388
176,230,Colegio de San Pedro y San Pablo de Puebla, ,Ex Colegio de San Pedro (Secretaría de Turismo de Puebla),1, ,Collegue,0, , ,Acuña 1984;GeoNames_MX,https://www2.usgs.gov/science/records-matching.php?thcode=3&code=143,https://en.wikipedia.org/wiki/16th_century,-98.198985,19.042496
196,231,Ermita San Vicente, ,"Iglesia de San Vicente, San Vicente Xiloxochitla",1, ,Church,0, , ,Acuña 1984;GeoNames_MX,https://www2.usgs.gov/science/records-matching.php?thcode=3&code=931,https://en.wikipedia.org/wiki/16th_century,-98.315911,19.283831
199,233,Santa Ana Chiyauhtenpan,Barrio Santa Ana;Chiyauhtenpan Santa Ana,Chiautempan,1, ,Pueblo,0, , ,Acuña 1984;GeoNames_MX,https://www2.usgs.gov/science/records-matching.php?thcode=3&code=850,https://en.wikipedia.org/wiki/16th_century,-98.197029,19.312764
189,236,Ermita Santa Cruz Texoloc, ,Santa Cruz Aquiahuac,2, ,Shrine,0, , ,Acuña 1984;Allocated by research,https://www2.usgs.gov/science/records-matching.php?thcode=3&code=700,https://en.wikipedia.org/wiki/16th_century,-98.283449,19.24029
221,237,Santa Fe, ,Pueblo Santa Fé,1, ,Pueblo,0, , ,Acuña 1984;Google Maps;Google Earth;unikloc10gw,https://www2.usgs.gov/science/records-matching.php?thcode=3&code=850,https://en.wikipedia.org/wiki/16th_century,-99.241521,19.382749
127,239,Santa María de la Natividad,Ichcahuixtlan,Nativitas,1, , ,0, , ,Acuña 1984;Tanck de Estrada 2005: Atlas 1800,https://www2.usgs.gov/science/records-matching.php?thcode=3&code=850,https://en.wikipedia.org/wiki/16th_century,-98.31472222,19.23194444
122,243,Santo Domingo,"Islas de Santo Domingo,Isla Santo Domingo;Isla Española",República Dominicana/Haiti,1, ,Island,0, , ,Acuña 1984;Google Maps,https://www2.usgs.gov/science/records-matching.php?thcode=3&code=575,https://en.wikipedia.org/wiki/16th_century,-71.03738513,19.01809264
214,245,Ermita Santo Matías, ,"Iglesia San Matías Apostol, San Matías Tepetomatitlan",1, ,Church,0, , ,Acuña 1984;GeoNames_MX,https://www2.usgs.gov/science/records-matching.php?thcode=3&code=931,https://en.wikipedia.org/wiki/16th_century,-98.193295,19.352681
111,247,Sierra Nevada,lztaccihuatl;sierra nevada de Huexotzinco,Iztaccihuatl,1, ,Mountain Range,0, , ,Acuña 1984;Toponimos50k,https://www2.usgs.gov/science/records-matching.php?thcode=3&code=708,https://en.wikipedia.org/wiki/16th_century,-98.64196194,19.17833389
179,248,Sierra Nevada de Amaquemecan, ,Parque Nacional Iztaccíhuatl-Popocatépetl,1, ,Mountain Range,0, , ,Acuña 1984;GeoNames_MX,https://www2.usgs.gov/science/records-matching.php?thcode=3&code=708,https://en.wikipedia.org/wiki/16th_century,-98.70717,19.133066
182,249,Sierra Nevada de Huexotzinco, ,Parque Nacional Iztaccíhuatl-Popocatépetl,1, ,Mountain Range,0, , ,Acuña 1984;GeoNames_MX,https://www2.usgs.gov/science/records-matching.php?thcode=3&code=708,https://en.wikipedia.org/wiki/16th_century,-98.60682,19.14632
250,251,Siete Ciudades, ,Arizona and Nuevo México,1,"Province that supposedly covered urban centers of refined civilization and abundant wealth in precious stones and metals, and that, between 1539 and the last years of the 16th century, was the subject of a more or less exhaustive search in what is now th",Imaginary,0, , ,Acuña 1984;Levin Rojo 2004, ,https://en.wikipedia.org/wiki/16th_century,-110.591544,34.53621
87,253,Soconochco,Xoconuchco,Soconusco,1, , ,0, , ,Acuña 1984;GeoNames_MX,https://www2.usgs.gov/science/records-matching.php?thcode=3&code=850,https://en.wikipedia.org/wiki/16th_century,-92.7268982,15.3163996
109,256,Tabasco, ,Tabasco,1, , ,0, , ,Acuña 1984;Atlas 2010,https://www2.usgs.gov/science/records-matching.php?thcode=3&code=850,https://en.wikipedia.org/wiki/16th_century,-92.919167,17.987778
55,260,Taximaroya,Tlazimaloyan,Taximaroa (Ciudad Hidalgo),1, , ,0, , ,Acuña 1984;Tanck de Estrada 2005: Atlas 1800,https://www2.usgs.gov/science/records-matching.php?thcode=3&code=850,https://en.wikipedia.org/wiki/16th_century,-100.5533333,19.69111111
159,261,Tecalco,Santiago Tecalpan;Tecallimapan,Tecali,1, , ,0, , ,Acuña 1984;Tanck de Estrada 2005: Atlas 1800,https://www2.usgs.gov/science/records-matching.php?thcode=3&code=850,https://en.wikipedia.org/wiki/16th_century,-97.96916667,18.89861111
23,262,Tecalpan, ,Texcalpan,1, , ,0, , ,Acuña 1984;Tanck de Estrada 2005: Atlas 1800,https://www2.usgs.gov/science/records-matching.php?thcode=3&code=850,https://en.wikipedia.org/wiki/16th_century,-98.92777778,18.93583333
12,264,Tecamachalco, ,Tecamachalco,1, , ,0, , ,Acuña 1984;Tanck de Estrada 2005: Atlas 1800,https://www2.usgs.gov/science/records-matching.php?thcode=3&code=850,https://en.wikipedia.org/wiki/16th_century,-97.73166667,18.88111111
59,265,Teciuhtlan, ,Teziutlan,1, , ,0, , ,Acuña 1984;Tanck de Estrada 2005: Atlas 1800,https://www2.usgs.gov/science/records-matching.php?thcode=3&code=850,https://en.wikipedia.org/wiki/16th_century,-97.36027778,19.81555556
212,266,Tecoatzingo,Tecohuactzinco;Tecohualtzinco,San Francisco Tecoac,2, ,Pueblo,0, , ,Acuña 1984;Thomas 1995,https://www2.usgs.gov/science/records-matching.php?thcode=3&code=850,https://en.wikipedia.org/wiki/16th_century,-97.965502,19.348395
265,269,Temalacatiztlan, , ,2,"Dissapeared. Near modern Apan and Almoloya, in Hidalgo",Pueblo,0, , ,Acuña 1984;Allocated by research,https://www2.usgs.gov/science/records-matching.php?thcode=3&code=850,https://en.wikipedia.org/wiki/16th_century,-98.35555,19.69786
266,270,Tenamtec,Tenanhitec;Tonanhitec, ,2,Dissapeared. Some place close to Zacatlán,Pueblo,0, , ,Acuña 1984;Allocated by research,https://www2.usgs.gov/science/records-matching.php?thcode=3&code=850,https://en.wikipedia.org/wiki/16th_century,-97.941389,19.906389
160,271,Tenanyacac, ,Tenanyecac,1, , ,0, , ,Acuña 1984;Google Maps,https://www2.usgs.gov/science/records-matching.php?thcode=3&code=850,https://en.wikipedia.org/wiki/16th_century,-98.36649243,19.24526859
24,272,Tenexcalco, ,Tenexcalco,1, , ,0, , ,Acuña 1984;Tanck de Estrada 2005: Atlas 1800,https://www2.usgs.gov/science/records-matching.php?thcode=3&code=850,https://en.wikipedia.org/wiki/16th_century,-98.59694444,18.48055555
233,274,Teocalhueyacan, ,San Andrés Atenco,1, ,Pueblo,0, , ,Acuña 1984;Gibson 1956,https://www2.usgs.gov/science/records-matching.php?thcode=3&code=850,https://en.wikipedia.org/wiki/16th_century,-99.218095,19.541925
73,275,Teohuacan, ,Tehuacán,1, , ,0, , ,Acuña 1984;Tanck de Estrada 2005: Atlas 1800,https://www2.usgs.gov/science/records-matching.php?thcode=3&code=850,https://en.wikipedia.org/wiki/16th_century,-97.39194444,18.46111111
264,277,Teomulixco, , ,2,Dissapeared. It may be close to Sultepec,Pueblo,0, , ,Acuña 1984;Allocated by research,https://www2.usgs.gov/science/records-matching.php?thcode=3&code=850,https://en.wikipedia.org/wiki/16th_century,-98.6189,19.58616
68,278,Teotitlan, ,Teotitlan Del Camino,1, , ,0, , ,Acuña 1984;Tanck de Estrada 2005: Atlas 1800,https://www2.usgs.gov/science/records-matching.php?thcode=3&code=850,https://en.wikipedia.org/wiki/16th_century,-97.07222222,18.1325
62,280,Teotlalpan, ,Hueytlalpan,1, , ,0, , ,Acuña 1984;Tanck de Estrada 2005: Atlas 1800,https://www2.usgs.gov/science/records-matching.php?thcode=3&code=850,https://en.wikipedia.org/wiki/16th_century,-97.69638889,20.02666667
206,281,Barrio de Teotlalpan, ,La Candelaria Teotlalpan,1, ,Barrio,0, , ,Acuña 1984;GeoNames_MX, ,https://en.wikipedia.org/wiki/16th_century,-98.22556,19.33306
7,284,Tepapayecan, ,Tepapayeca,1, , ,0, , ,Acuña 1984;Tanck de Estrada 2005: Atlas 1800,https://www2.usgs.gov/science/records-matching.php?thcode=3&code=850,https://en.wikipedia.org/wiki/16th_century,-98.53166667,18.67166667
106,285,Tepeacac,Tepeyacac,Tepeaca,1, , ,0, , ,Acuña 1984;INEGI: MEX_topoloc,https://www2.usgs.gov/science/records-matching.php?thcode=3&code=850,https://en.wikipedia.org/wiki/16th_century,-97.90341921,18.96581899
92,286,Tepeapulco,Tepepulco,Tepeapulco,1, , ,0, , ,Acuña 1984;Google Maps;INEGI: MEX_topoloc,https://www2.usgs.gov/science/records-matching.php?thcode=3&code=850,https://en.wikipedia.org/wiki/16th_century,-98.55250082,19.78528155
118,289,Tepeticpac, ,Señorio de Tepeticpac,1, ,Cabecera,0, , ,Acuña 1984;Allocated by research, ,https://en.wikipedia.org/wiki/16th_century,-98.22911261,19.33691915
210,290,Sierra de Tepeticpac,Sierra de Texcalticpac, ,1, ,Mountain Range,0, , ,Acuña 1984;GeoNames_MX,https://www2.usgs.gov/science/records-matching.php?thcode=3&code=708,https://en.wikipedia.org/wiki/16th_century,-98.23698,19.34472
39,292,Tepetlaoztoc, ,Tepetlaoxtoc,1, , ,0, , ,Acuña 1984;Tanck de Estrada 2005: Atlas 1800,https://www2.usgs.gov/science/records-matching.php?thcode=3&code=850,https://en.wikipedia.org/wiki/16th_century,-98.82027778,19.57305556
10,293,Tetella, ,Tetela del Volcan,1, , ,0, , ,Acuña 1984;INEGI: MEX_topoloc,https://www2.usgs.gov/science/records-matching.php?thcode=3&code=850,https://en.wikipedia.org/wiki/16th_century,-98.72944444,18.89194444
31,294,Tepotzotlan,Tepotztlan,Tepotzotlan,1, , ,0, , ,Acuña 1984;Tanck de Estrada 2005: Atlas 1800,https://www2.usgs.gov/science/records-matching.php?thcode=3&code=850,https://en.wikipedia.org/wiki/16th_century,-99.22361111,19.71611111
26,295,Tequantepec,Tequantepeque,Santo Domingo Tehuantepec,1, , ,0, , ,Acuña 1984;INEGI: MEX_topoloc,https://www2.usgs.gov/science/records-matching.php?thcode=3&code=850,https://en.wikipedia.org/wiki/16th_century,-95.24141798,16.32140045
205,296,San Felipe Tequemecan,Pueblo de Barrio San Felipe;Barrio San Felipe,Ixtacuixtla de Mariano Matamoros,1, ,Pueblo,0, , ,Acuña 1984;GeoNames_MX,https://www2.usgs.gov/science/records-matching.php?thcode=3&code=850,https://en.wikipedia.org/wiki/16th_century,-98.378275,19.329442
94,297,Tetela, ,Tetela de Ocampo,1, , ,0, , ,Acuña 1984;INEGI: MEX_topoloc,https://www2.usgs.gov/science/records-matching.php?thcode=3&code=850,https://en.wikipedia.org/wiki/16th_century,-97.80648438,19.81705053
256,298,Tetliyacac, ,Dissapeared,2,According to the text it is located next to Huejotzingo,Pueblo,119, , ,Acuña 1984;Hernandez & Ruz 2019,https://www2.usgs.gov/science/records-matching.php?thcode=3&code=850,https://en.wikipedia.org/wiki/16th_century,-98.48159,19.13591
79,299,Tetzcuco,Tetzcoco;Tetzicoloyan,Texcoco De Mora,1, , ,0, , ,Acuña 1984;Tanck de Estrada 2005: Atlas 1800,https://www2.usgs.gov/science/records-matching.php?thcode=3&code=850,https://en.wikipedia.org/wiki/16th_century,-98.88194444,19.50555556
126,301,Tetzcutzinco,Tetzcutzin;Tetzcuco,Zona Arqueológica Tetzcutzingo,1, ,Hill,299,Near, ,Acuña 1984;Toponimos50k,https://www2.usgs.gov/science/records-matching.php?thcode=3&code=710,https://en.wikipedia.org/wiki/16th_century,-98.81762389,19.49723278
240,305,Fuente Texcalac, ,La Ciénega,1, ,Source,0, , ,Acuña 1984;GeoNames_MX,https://www2.usgs.gov/science/records-matching.php?thcode=3&code=48,https://en.wikipedia.org/wiki/16th_century,-97.98694,19.621536
213,308,Texcalticpac Tepeticpac,Texcalticpac Texcalla,Tepeticpac,1, ,Pueblo,0, , ,Acuña 1984;GeoNames_MX,https://www2.usgs.gov/science/records-matching.php?thcode=3&code=850,https://en.wikipedia.org/wiki/16th_century,-98.235595,19.349347
194,310,Santa Cruz Texoloc, ,San Damián Texoloc,1, ,Pueblo,0, , ,Acuña 1984;GeoNames_MX,https://www2.usgs.gov/science/records-matching.php?thcode=3&code=850,https://en.wikipedia.org/wiki/16th_century,-98.283308,19.276903
69,312,Tizatlan, ,San Esteban Tizatlán,1, , ,0, , ,Acuña 1984;Google Maps;Google Earth;unikloc10gw,https://www2.usgs.gov/science/records-matching.php?thcode=3&code=850,https://en.wikipedia.org/wiki/16th_century,-98.21826,19.337763
148,313,Río del Tizón, ,Río Colorado,1, ,River,0, , ,Acuña 1984;Google Maps,https://www2.usgs.gov/science/records-matching.php?thcode=3&code=960,https://en.wikipedia.org/wiki/16th_century,-114.9183943,31.87137454
34,314,Tochmilco,Tuchmilco,Tochimilco,1, , ,0, , ,Acuña 1984;Tanck de Estrada 2005: Atlas 1800,https://www2.usgs.gov/science/records-matching.php?thcode=3&code=850,https://en.wikipedia.org/wiki/16th_century,-98.5725,18.89194444
181,317,Sierra de Tolocan, ,Nevado de Toluca,1, ,Mountain Range,0, , ,Acuña 1984;Google Maps,https://www2.usgs.gov/science/records-matching.php?thcode=3&code=708,https://en.wikipedia.org/wiki/16th_century,-99.76671266,19.10200606
197,318,Valle de Tolocan,Valle de Matlaltzinco, ,1, , ,0, , ,Acuña 1984;Google Maps,https://www2.usgs.gov/science/records-matching.php?thcode=3&code=850,https://en.wikipedia.org/wiki/16th_century,-99.73634555,19.30230116
246,321,Tonallan, ,Tonalá,1, , ,0, , ,Acuña 1984;Tanck de Estrada 2005: Atlas 1800,https://www2.usgs.gov/science/records-matching.php?thcode=3&code=850,https://en.wikipedia.org/wiki/16th_century,-103.2411111,20.62361111
50,322,Tonatiuhco, ,Zozocolco,1, , ,0, , ,Acuña 1984;Tanck de Estrada 2005: Atlas 1800,https://www2.usgs.gov/science/records-matching.php?thcode=3&code=850,https://en.wikipedia.org/wiki/16th_century,-97.57388889,20.14055555
98,323,Topoyanco, ,Tepeyanco,1, , ,0, , ,Acuña 1984;Tanck de Estrada 2005: Atlas 1800,https://www2.usgs.gov/science/records-matching.php?thcode=3&code=850,https://en.wikipedia.org/wiki/16th_century,-98.235,19.245
195,324,Laguna de Topoyanco, ,Laguna de Acuitlapilco,1, ,Lake,0, , ,Acuña 1984;GeoNames_MX,https://www2.usgs.gov/science/records-matching.php?thcode=3&code=596,https://en.wikipedia.org/wiki/16th_century,-98.226885,19.27692
83,328,Totomihuacan,Tomihuacan,Totimehuacan,1, , ,0, , ,Acuña 1984;Tanck de Estrada 2005: Atlas 1800,https://www2.usgs.gov/science/records-matching.php?thcode=3&code=850,https://en.wikipedia.org/wiki/16th_century,-98.18555556,18.96833333
96,330,Tototepec,Tututepeque,Tutotepec,1, , ,0, , ,Acuña 1984;Tanck de Estrada 2005: Atlas 1800,https://www2.usgs.gov/science/records-matching.php?thcode=3&code=850,https://en.wikipedia.org/wiki/16th_century,-98.27277778,20.42833333
51,331,Tototlan,Totollac;Totollan,Totolac,1, ,Barrio,353,Depends on, ,Acuña 1984;Google Maps;Tanck de Estrada 2005: Atlas 1800, ,https://en.wikipedia.org/wiki/16th_century,-98.25838516,19.32563406
54,332,Tulla, ,Tula,1, , ,0, , ,Acuña 1984;Tanck de Estrada 2005: Atlas 1800,https://www2.usgs.gov/science/records-matching.php?thcode=3&code=850,https://en.wikipedia.org/wiki/16th_century,-99.34166667,20.05416667
58,333,Tullantzinco, ,Tulancingo,1, , ,0, , ,Acuña 1984;Tanck de Estrada 2005: Atlas 1800,https://www2.usgs.gov/science/records-matching.php?thcode=3&code=850,https://en.wikipedia.org/wiki/16th_century,-98.36861111,20.08138889
144,334,Sierras de Tullantzinco,Tullotzingo, ,2, ,Mountain Range,0, , ,Acuña 1984;Allocated by research,https://www2.usgs.gov/science/records-matching.php?thcode=3&code=708,https://en.wikipedia.org/wiki/16th_century,-98.3484183,20.1201551
145,335,Río Tuloca,Tolocan;Tuloca, ,1, ,River,0, , ,Acuña 1984;Allocated by research,https://www2.usgs.gov/science/records-matching.php?thcode=3&code=960,https://en.wikipedia.org/wiki/16th_century,-99.40019706,20.05139804
20,336,Tultitlan, ,Tultitlan,1, , ,0, , ,Acuña 1984;Tanck de Estrada 2005: Atlas 1800,https://www2.usgs.gov/science/records-matching.php?thcode=3&code=850,https://en.wikipedia.org/wiki/16th_century,-99.16944444,19.645
35,337,Tuzapan, ,Tuzapan,1, , ,0, , ,Acuña 1984;NGA_GNS,https://www2.usgs.gov/science/records-matching.php?thcode=3&code=850,https://en.wikipedia.org/wiki/16th_century,-97.714662,20.470779
130,338,Tuztlan, ,Tuxtla,1, , ,0, , ,Acuña 1984;Tanck de Estrada 2005: Atlas 1800,https://www2.usgs.gov/science/records-matching.php?thcode=3&code=850,https://en.wikipedia.org/wiki/16th_century,-95.29944444,18.46166667
262,339,Barrio Tlacatecco, , ,2,Where a temple of Huitzilopochtli was destroyed announcing the arrival of the spaniards.,Barrio,0, , ,Acuña 1984;GeoNames_MX, ,https://en.wikipedia.org/wiki/16th_century,-99.131687,19.433858
229,341,Tlacoyutliyacac, ,Hueyotlipan,2, ,Pueblo,0, , ,Acuña 1984;Suarez 2004,https://www2.usgs.gov/science/records-matching.php?thcode=3&code=850,https://en.wikipedia.org/wiki/16th_century,-98.345877,19.467224
114,342,Tlacupan, ,Tacuba,1, , ,0, , ,Acuña 1984;Tanck de Estrada 2005: Atlas 1800,https://www2.usgs.gov/science/records-matching.php?thcode=3&code=850,https://en.wikipedia.org/wiki/16th_century,-99.18638889,19.4575
178,343,Tlachihualtepec,Tlachihualtepetl,Pyramid of Cholula,1, ,Pyramid,0, , ,Acuña 1984;Garcia 2001,https://www2.usgs.gov/science/records-matching.php?thcode=3&code=51,https://en.wikipedia.org/wiki/16th_century,-98.301727,19.056575
239,344,Tlacho de San Agustín, ,Tlaxco,1,Nacimiento del río que pasa por Tlaxcala,Pueblo,0, , ,Acuña 1984;GeoNames_MX,https://www2.usgs.gov/science/records-matching.php?thcode=3&code=850,https://en.wikipedia.org/wiki/16th_century,-98.11997,19.61442
128,346,Tlallocan,Talocan;Tzinacantepec Chicuinauhtecatl;Tzinacantepec Chicuinahutecatl, ,2, ,Mountain Range,0, , ,Acuña 1984;Allocated by research,https://www2.usgs.gov/science/records-matching.php?thcode=3&code=708,https://en.wikipedia.org/wiki/16th_century,-98.6361853,19.29040717
85,349,Tlanepantla, ,Tlalnepantla De Otomies,1, , ,0, , ,Acuña 1984;Tanck de Estrada 2005: Atlas 1800,https://www2.usgs.gov/science/records-matching.php?thcode=3&code=850,https://en.wikipedia.org/wiki/16th_century,-99.19472222,19.53666667
259,350,Tlapitzahuacan, , ,2,Dissapeared,Cabecera,201, , ,"Acuña 1984;Garcia y Merino, 1991", ,https://en.wikipedia.org/wiki/16th_century,-98.24539,19.3338
129,351,Tlatelulco, ,Tlatelolco,1, , ,0, , ,Acuña 1984;Tanck de Estrada 2005: Atlas 1800,https://www2.usgs.gov/science/records-matching.php?thcode=3&code=850,https://en.wikipedia.org/wiki/16th_century,-99.13694444,19.45083333
22,352,Tlatlanhquitepec,Tlatlauhquitepeque,Tlatlauquitepec,1, , ,0, , ,Acuña 1984;Tanck de Estrada 2005: Atlas 1800,https://www2.usgs.gov/science/records-matching.php?thcode=3&code=850,https://en.wikipedia.org/wiki/16th_century,-97.495,19.85083333
53,353,Tlaxcallan,Taxcala;Tepalticpac;Texcalla;Texcala;Tepeticpac Texcallan;Tepeticpac;Texcalticpac,Tlaxcala,1, , ,0, , ,Acuña 1984;Google Maps;Tanck de Estrada 2005: Atlas 1800,https://www2.usgs.gov/science/records-matching.php?thcode=3&code=850,https://en.wikipedia.org/wiki/16th_century,-98.23772243,19.31748594
162,354,Monasterio de Tlaxcallan,Monasterio de Tlaxcala, ,1, ,Monastery,0, , ,Acuña 1984;Allocated by research,https://www2.usgs.gov/science/records-matching.php?thcode=3&code=931,https://en.wikipedia.org/wiki/16th_century,-98.2377292,19.31408039
101,355,Sierra de Tlaxcallan,Sierra de Matlalcueye;Matlalcueye;Sierra Grande de Tlaxcala,Volcán La Malinche,1, ,Mountain Range,0, , ,Acuña 1984;Allocated by research,https://www2.usgs.gov/science/records-matching.php?thcode=3&code=708,https://en.wikipedia.org/wiki/16th_century,-98.03254026,19.23178111
255,357,Tlecaxtitlan, , ,2,Dissapeared,Town,0, , ,Acuña 1984;Allocated by research,https://www2.usgs.gov/science/records-matching.php?thcode=3&code=850,https://en.wikipedia.org/wiki/16th_century,-98.43575,18.93649
30,358,Tzacuhtlan, ,Zautla,1, , ,0, , ,Acuña 1984;Tanck de Estrada 2005: Atlas 1800,https://www2.usgs.gov/science/records-matching.php?thcode=3&code=850,https://en.wikipedia.org/wiki/16th_century,-97.66722222,19.71027778
8,361,Tzinapiquaro, ,Zinapécuaro,1, , ,0, , ,Acuña 1984;Tanck de Estrada 2005: Atlas 1800,https://www2.usgs.gov/science/records-matching.php?thcode=3&code=850,https://en.wikipedia.org/wiki/16th_century,-100.8269444,19.85833333
95,362,Tzompantzinco, ,San Salvador Tzompantepec,1, , ,0, , ,Acuña 1984;Google Maps;Google Earth;unikloc10gw,https://www2.usgs.gov/science/records-matching.php?thcode=3&code=850,https://en.wikipedia.org/wiki/16th_century,-98.09131,19.373979
65,364,La Veracruz,Ciudad de Villa Rica,Palacio Municipal de Veracruz,1, , ,0, , ,Acuña 1984;Google Maps,https://www2.usgs.gov/science/records-matching.php?thcode=3&code=850,https://en.wikipedia.org/wiki/16th_century,-96.138136,19.20048293
71,365,Verapaz, ,Verapaz,1, , ,0, , ,Acuña 1984;GeoNames_MX,https://www2.usgs.gov/science/records-matching.php?thcode=3&code=850,https://en.wikipedia.org/wiki/16th_century,-92.0619965,15.7117004
5,368,Xalatzinco, ,Jalacingo,1, , ,0, , ,Acuña 1984;Tanck de Estrada 2005: Atlas 1800,https://www2.usgs.gov/science/records-matching.php?thcode=3&code=850,https://en.wikipedia.org/wiki/16th_century,-97.30833333,19.80416667
44,369,Xalisco,Xalixco,Xalisco,1, , ,0, , ,Acuña 1984;Tanck de Estrada 2005: Atlas 1800,https://www2.usgs.gov/science/records-matching.php?thcode=3&code=850,https://en.wikipedia.org/wiki/16th_century,-104.9013889,21.44388889
88,370,Xalpan, ,Jalpan,1, , ,0, , ,Acuña 1984;Tanck de Estrada 2005: Atlas 1800,https://www2.usgs.gov/science/records-matching.php?thcode=3&code=850,https://en.wikipedia.org/wiki/16th_century,-96.75694444,16.97111111
180,371,Barrio Xaltepetlapan,Xaltepetlapan,Domingo Arenas,1, ,Barrio,0, , ,Acuña 1984;GeoNames_MX, ,https://en.wikipedia.org/wiki/16th_century,-98.45678,19.13998
49,373,Xicotepec, ,Xicotepec,1, , ,0, , ,Acuña 1984;Tanck de Estrada 2005: Atlas 1800,https://www2.usgs.gov/science/records-matching.php?thcode=3&code=850,https://en.wikipedia.org/wiki/16th_century,-97.96027778,20.27555556
67,375,Xilotepeque, ,Jilotepec,1, , ,0, , ,Acuña 1984;Tanck de Estrada 2005: Atlas 1800,https://www2.usgs.gov/science/records-matching.php?thcode=3&code=850,https://en.wikipedia.org/wiki/16th_century,-99.53444444,19.95416667
133,376,Xiloxotitlan, ,Xiloxotitla,1, , ,0, , ,Acuña 1984;Tanck de Estrada 2005: Atlas 1800,https://www2.usgs.gov/science/records-matching.php?thcode=3&code=850,https://en.wikipedia.org/wiki/16th_century,-98.31555556,19.2825
43,377,Xocotitlan, ,Jocotitlán,1, , ,0, , ,Acuña 1984;Toponimos50k,https://www2.usgs.gov/science/records-matching.php?thcode=3&code=850,https://en.wikipedia.org/wiki/16th_century,-99.75800111,19.73830138
143,378,Xocoyocan, ,San Diego Xocoyucan,1, , ,0, , ,Acuña 1984;Google Maps,https://www2.usgs.gov/science/records-matching.php?thcode=3&code=850,https://en.wikipedia.org/wiki/16th_century,-98.37528069,19.30785051
47,379,Xochimilco, ,Xochimilco,1, , ,0, , ,Acuña 1984;Tanck de Estrada 2005: Atlas 1800,https://www2.usgs.gov/science/records-matching.php?thcode=3&code=850,https://en.wikipedia.org/wiki/16th_century,-99.1025,19.2625
142,380,Xochitecatl, ,Xochitecatl,1, ,Hill,0, , ,Acuña 1984;Google Maps,https://www2.usgs.gov/science/records-matching.php?thcode=3&code=710,https://en.wikipedia.org/wiki/16th_century,-98.34957819,19.24491895
209,381,Cerros de Xoloteupan, ,Cerro Popocatl,2, ,Hill,0, , ,Acuña 1984;Allocated by research,https://www2.usgs.gov/science/records-matching.php?thcode=3&code=710,https://en.wikipedia.org/wiki/16th_century,-98.26445,19.34346
28,382,Xuchipila, ,Juchipila,1, , ,0, , ,Acuña 1984;Tanck de Estrada 2005: Atlas 1800,https://www2.usgs.gov/science/records-matching.php?thcode=3&code=850,https://en.wikipedia.org/wiki/16th_century,-103.1175,21.41027778
177,383,Yacoazapechpan, ,San Gregorio Zacapechpan,2, ,Town,0, , ,Acuña 1984;Allocated by research,https://www2.usgs.gov/science/records-matching.php?thcode=3&code=850,https://en.wikipedia.org/wiki/16th_century,-98.34944444,19.05305556
45,384,Yahualiuhcan,Yahualihucan,Yahualica,1, , ,0, , ,Acuña 1984;Tanck de Estrada 2005: Atlas 1800,https://www2.usgs.gov/science/records-matching.php?thcode=3&code=850,https://en.wikipedia.org/wiki/16th_century,-98.38194444,20.94888889
46,386,Yauhtepeque, ,Yautepec,1, , ,0, , ,Acuña 1984;Tanck de Estrada 2005: Atlas 1800,https://www2.usgs.gov/science/records-matching.php?thcode=3&code=850,https://en.wikipedia.org/wiki/16th_century,-99.06305556,18.88361111
81,389,Zacatlan, ,Zacatlan,1, , ,0, , ,Acuña 1984;INEGI: MEX_topoloc,https://www2.usgs.gov/science/records-matching.php?thcode=3&code=850,https://en.wikipedia.org/wiki/16th_century,-97.96144037,19.93615421
169,390,Río de Zacatulan, ,Río Balsas,1, ,River,0, , ,Acuña 1984;GeoNames_MX,https://www2.usgs.gov/science/records-matching.php?thcode=3&code=960,https://en.wikipedia.org/wiki/16th_century,-102.13792,17.94785
235,391,Zacatzontitlan, ,San Cristobal Zacacalco,2, , ,0, , ,Acuña 1984;Carrasco 2011,https://www2.usgs.gov/science/records-matching.php?thcode=3&code=850,https://en.wikipedia.org/wiki/16th_century,-98.66164,19.56792
140,395,Zimapan,Zimatan,Cupilco,1, , ,0, , ,Acuña 1984;Google Maps;Google Earth;unikloc10gw,https://www2.usgs.gov/science/records-matching.php?thcode=3&code=850,https://en.wikipedia.org/wiki/16th_century,-93.127599,18.239476
139,396,Zonzonate,Zentzonapan,Sonsonate,1, , ,0, , ,Acuña 1984;Google Maps,https://www2.usgs.gov/science/records-matching.php?thcode=3&code=850,https://en.wikipedia.org/wiki/16th_century,-89.72827928,13.72125131
90,398,Zultepec, ,Sultepec,1, , ,0, , ,Acuña 1984;Tanck de Estrada 2005: Atlas 1800,https://www2.usgs.gov/science/records-matching.php?thcode=3&code=850,https://en.wikipedia.org/wiki/16th_century,-98.615,19.59027778
110,399,Atlixco, ,Atlixco,1, , ,0, , ,Acuña 1984;Tanck de Estrada 2005: Atlas 1800,https://www2.usgs.gov/science/records-matching.php?thcode=3&code=850,https://en.wikipedia.org/wiki/16th_century,-98.47333333,18.97722222
123,402,Tihuacan, ,Teotihuacan,1, , ,0, , ,Acuña 1984;Tanck de Estrada 2005: Atlas 1800,https://www2.usgs.gov/science/records-matching.php?thcode=3&code=850,https://en.wikipedia.org/wiki/16th_century,-98.86083333,19.68972222
