FID,My_FID7,Placename,Alt_names,ModernName,Confidence,Notes,Type,FID_Relate,Relation,My_FID7,FID_Relat2,Type2,End_Date,References,Type_URL,X,Y,Time_span
342,1,Castilla, , ,1, , ,0, ,1,0, ,30/12/1899 00:00:00, , ,-4.036373825,39.02985948, 
343,2,Cuernavaca, ,Cuernavaca,1, , ,0, ,2,0, ,30/12/1899 00:00:00,Acuña 1985;Tanck de Estrada 2005: Atlas 1800, ,-99.23416667,18.91861111,https://en.wikipedia.org/wiki/16th_century
69,3,Acamilixtlahuacan, ,Acamixtla,1, ,Cabecera,446,Depends on,3,0, ,,Acuña 1986;Tanck de Estrada 2005: Atlas 1800, ,-99.56611111,18.56166667,https://en.wikipedia.org/wiki/16th_century
124,4,Acamochitlan, ,Acamuchitlan,1, ,Sujeto,488,Depends on,4,0, ,,Acuña 1986;Tanck de Estrada 2005: Atlas 1800, ,-100.2675,18.83611111,https://en.wikipedia.org/wiki/16th_century
34,5,Acatitlan, ,Acatitlan,1, ,Sujeto,455,Depends on,5,0, ,,Acuña 1986;Tanck de Estrada 2005: Atlas 1800, ,-99.94777778,18.92027778,https://en.wikipedia.org/wiki/16th_century
177,6,Acayuca,Acayucan,Acayuca,1, , ,0, ,6,0, ,,Acuña 1986;Tanck de Estrada 2005: Atlas 1800,https://www2.usgs.gov/science/records-matching.php?thcode=3&code=850,-98.84111111,20.02972222,https://en.wikipedia.org/wiki/16th_century
344,7,Izúcar,Itzocan,Izúcar de Matamoros,1, , ,0, ,7,0, ,30/12/1899 00:00:00,Acuña 1985;Tanck de Estrada 2005: Atlas 1800,https://www2.usgs.gov/science/records-matching.php?thcode=3&code=850,-98.465,18.60305556,https://en.wikipedia.org/wiki/16th_century
5,9,Acolman,Aculma;Aculman,Acolman,1, ,Cabecera,0, ,9,0, ,,Acuña 1986;Google Maps;Tanck de Estrada 2005: Atlas 1800, ,-98.9113599,19.63937013,https://en.wikipedia.org/wiki/16th_century
166,10,Acopinalco, ,Acopinalco,1, ,Sujeto,463,Depends on,10,0, ,,Acuña 1986;Atlas 2010, ,-98.531667,19.708056,https://en.wikipedia.org/wiki/16th_century
17,11,Acuitlapan, ,Acuitlapan,1, ,Cabecera,446,Depends on,11,0, ,,Acuña 1986;Tanck de Estrada 2005: Atlas 1800, ,-99.54305556,18.60083333,https://en.wikipedia.org/wiki/16th_century
346,12,Las Indias,Nuevo Mundo,Las Indias Occidentales,1, , ,0, ,12,0, ,30/12/1899 00:00:00,Allocated by research, ,-75.351208,19.24294408,https://en.wikipedia.org/wiki/16th_century
99,13,Alahuiztlan, ,Alahuixtlan,1, , ,0, ,13,0, ,,Acuña 1986;Tanck de Estrada 2005: Atlas 1800,https://www2.usgs.gov/science/records-matching.php?thcode=3&code=850,-100.0375,18.57277778,https://en.wikipedia.org/wiki/16th_century
347,14,Nueva España, ,México,1, , ,0, ,14,0, ,30/12/1899 00:00:00,Allocated by research, ,-99.12477328,19.45212213,https://en.wikipedia.org/wiki/16th_century
348,15,Suchimilco, ,Xochimilco,1, , ,0, ,15,0, ,30/12/1899 00:00:00,Acuña 1985;Tanck de Estrada 2005: Atlas 1800,https://www2.usgs.gov/science/records-matching.php?thcode=3&code=850,-99.1025,19.2625,https://en.wikipedia.org/wiki/16th_century
110,18,Almoloyan, ,Almoloya,1, ,Sujeto,488,Depends on,18,0, ,,Acuña 1986;Tanck de Estrada 2005: Atlas 1800, ,-99.89361111,18.86388889,https://en.wikipedia.org/wiki/16th_century
67,19,Amanalco, ,Amanalco,1, ,Sujeto,455,Depends on,19,0, ,,Acuña 1986;Tanck de Estrada 2005: Atlas 1800, ,-100.0197222,19.25194444,https://en.wikipedia.org/wiki/16th_century
77,20,Almoloya, ,Almoloya,1, ,Sujeto,463,Depends on,20,0, ,,Acuña 1986;Tanck de Estrada 2005: Atlas 1800, ,-98.40305556,19.70166667,https://en.wikipedia.org/wiki/16th_century
239,22,Aparvato,Aparuato,Aparuato,1, ,Sujeto,523,Depends on,22,0, ,,Acuña 1986;Cline 1976, ,-100.60773,18.98164,https://en.wikipedia.org/wiki/16th_century
78,23,Apatzingan,Cutzamala;Cuzamala,Cutzamala,1, , ,0, ,23,0, ,,Acuña 1986;Tanck de Estrada 2005: Atlas 1800,https://www2.usgs.gov/science/records-matching.php?thcode=3&code=850,-100.5783333,18.46472222,https://en.wikipedia.org/wiki/16th_century
65,24,Apazco, ,Apaxco De Ocampo,1, , ,0, ,24,0, ,,Acuña 1986;INEGI: MEX_topoloc,https://www2.usgs.gov/science/records-matching.php?thcode=3&code=850,-99.17358823,19.97650189,https://en.wikipedia.org/wiki/16th_century
333,26,Ateticpac, ,Titipac Cuentla,1, ,Sujeto,455,Depends on,26,0, ,30/12/1899 00:00:00,Acuña 1986;GeoNames_MX, ,-100.0422271,18.94767296,https://en.wikipedia.org/wiki/16th_century
38,27,Atitalaquia, ,Atitalaquia,1, , ,0, ,27,0, ,,Acuña 1986;INEGI: MEX_topoloc,https://www2.usgs.gov/science/records-matching.php?thcode=3&code=850,-99.22141532,20.05834079,https://en.wikipedia.org/wiki/16th_century
133,29,Atlamaxac San Miguel,Atlanmaxac;San Miguel Atlamaxac;San Miguel Atlanmaxac,Atlamajac,1, ,Sujeto,472,Depends on,29,0, ,,Acuña 1986;Tanck de Estrada 2005: Atlas 1800, ,-98.93333333,19.74777778,https://en.wikipedia.org/wiki/16th_century
22,30,Atlatlauhcan, ,Atlatlahucan,1, , ,0, ,30,0, ,,Acuña 1986;INEGI: MEX_topoloc,https://www2.usgs.gov/science/records-matching.php?thcode=3&code=850,-98.89960396,18.9373464,https://en.wikipedia.org/wiki/16th_century
85,31,Atotonilco, ,Atotonilco (El Grande),1, , ,0, ,31,0, ,,Acuña 1986;Tanck de Estrada 2005: Atlas 1800,https://www2.usgs.gov/science/records-matching.php?thcode=3&code=850,-98.67,20.28611111,https://en.wikipedia.org/wiki/16th_century
90,32,Atzalan, ,Atzala,1, ,Cabecera,446,Depends on,32,0, ,,Acuña 1986;Tanck de Estrada 2005: Atlas 1800, ,-99.66027778,18.51277778,https://en.wikipedia.org/wiki/16th_century
139,35,Axalpa, ,San Pedro Xalpa,1, ,Sujeto,74,Depends on,35,0, ,,Acuña 1986;Atlas 2010, ,-99.185833,19.823611,https://en.wikipedia.org/wiki/16th_century
59,37,Azcaputzalco,Azcapotzalco,Azcapotzalco,1, , ,0, ,37,0, ,,Acuña 1986;Tanck de Estrada 2005: Atlas 1800,https://www2.usgs.gov/science/records-matching.php?thcode=3&code=850,-99.18333333,19.48277778,https://en.wikipedia.org/wiki/16th_century
220,42,Tetelatzingo,Real De Tetelatzingo,Taxco,1, ,Barrio,447,Depends on,42,0, ,,Acuña 1986;Gitlitz 2019, ,-99.603764,18.557796,https://en.wikipedia.org/wiki/16th_century
235,45,Nepopoalco,Xalatlauhco,Tetela del Volcán,1,It became part of Tetela del Volcán,Sujeto,0,Depends on,45,0, ,,Acuña 1986;Gerhard 1972, ,-98.736514,18.896711,https://en.wikipedia.org/wiki/16th_century
83,47,Calimayan, ,Calimaya,1, , ,0, ,47,0, ,,Acuña 1986;Google Maps;Tanck de Estrada 2005: Atlas 1800,https://www2.usgs.gov/science/records-matching.php?thcode=3&code=850,-99.61678797,19.16323659,https://en.wikipedia.org/wiki/16th_century
53,48,Calpa, ,Calpan,1, , ,0, ,48,0, ,,Acuña 1986;Tanck de Estrada 2005: Atlas 1800,https://www2.usgs.gov/science/records-matching.php?thcode=3&code=850,-98.46333333,19.10361111,https://en.wikipedia.org/wiki/16th_century
45,49,Calpulalpa, ,Calpulalpan,1, , ,0, ,49,0, ,,Acuña 1986;Tanck de Estrada 2005: Atlas 1800,https://www2.usgs.gov/science/records-matching.php?thcode=3&code=850,-98.56916667,19.58777778,https://en.wikipedia.org/wiki/16th_century
98,54,Tlacotepec,Tlacotepeque,Tlacotepec,1, , ,0, ,54,0, ,,Acuña 1986;Tanck de Estrada 2005: Atlas 1800,https://www2.usgs.gov/science/records-matching.php?thcode=3&code=850,-97.65666667,18.68,https://en.wikipedia.org/wiki/16th_century
32,56,Cempoala,Cempuala,Zempoala,1, , ,0, ,56,0, ,,Acuña 1986;Tanck de Estrada 2005: Atlas 1800,https://www2.usgs.gov/science/records-matching.php?thcode=3&code=850,-98.66972222,19.915,https://en.wikipedia.org/wiki/16th_century
186,57,Cerro Anacatlan,Anacatlan, ,2, ,Hill,0, ,57,0, ,,Acuña 1986;Allocated by research,https://www2.usgs.gov/science/records-matching.php?thcode=3&code=710,-100.0487796,19.03364562,https://en.wikipedia.org/wiki/16th_century
187,58,Cerro de Chapultepeque,Chapultepeque,Chapultepec,1, ,Hill,0, ,58,0, ,,Acuña 1986;Google Maps,https://www2.usgs.gov/science/records-matching.php?thcode=3&code=710,-99.18805556,19.41935852,https://en.wikipedia.org/wiki/16th_century
189,60,Cerro Elocotl,Elocotl;Yelocotl, ,1, ,Hill,0, ,60,0, ,,Acuña 1986;Allocated by research,https://www2.usgs.gov/science/records-matching.php?thcode=3&code=710,-98.9718846,19.65201265,https://en.wikipedia.org/wiki/16th_century
190,61,Cerro Tenan,Tenan, ,1, ,Hill,0, ,61,0, ,,Acuña 1986;Allocated by research,https://www2.usgs.gov/science/records-matching.php?thcode=3&code=710,-98.82354358,19.74717774,https://en.wikipedia.org/wiki/16th_century
191,62,Cerro Temimilltitlan,Temimilltitlan, ,2, ,Hill,455,Near,62,0, ,,Acuña 1986;Allocated by research,https://www2.usgs.gov/science/records-matching.php?thcode=3&code=710,-99.96743553,18.97752408,https://en.wikipedia.org/wiki/16th_century
188,63,Cerro Tlahuilquaitl,Tlahuilquaitl;Tlahuilquitl, ,1, ,Hill,0, ,63,0, ,,Acuña 1986;Allocated by research,https://www2.usgs.gov/science/records-matching.php?thcode=3&code=710,-98.94772068,19.62840697,https://en.wikipedia.org/wiki/16th_century
94,65,Chapulhuacan, ,Chapulhuacán,1, , ,0, ,65,0, ,,Acuña 1986;Atlas 2010,https://www2.usgs.gov/science/records-matching.php?thcode=3&code=850,-98.904444,21.159167,https://en.wikipedia.org/wiki/16th_century
103,66,Chiapa, ,Chapa De Mota,1, , ,0, ,66,0, ,,Acuña 1986;Tanck de Estrada 2005: Atlas 1800,https://www2.usgs.gov/science/records-matching.php?thcode=3&code=850,-99.52638889,19.81527778,https://en.wikipedia.org/wiki/16th_century
81,69,Chiconauhtla,Chicnauhtlan,Chiconautla,1,Corregimiento,Pueblo,0, ,69,0, ,,Acuña 1986;Tanck de Estrada 2005: Atlas 1800,https://www2.usgs.gov/science/records-matching.php?thcode=3&code=850,-99.005,19.63944444,https://en.wikipedia.org/wiki/16th_century
26,71,Chimalhuacan, ,Chimalhuacán,1, , ,0, ,71,0, ,,Acuña 1986;Google Maps;Atlas 2010,https://www2.usgs.gov/science/records-matching.php?thcode=3&code=850,-98.945278,19.416667,https://en.wikipedia.org/wiki/16th_century
31,72,Cholula, ,Cholula De Rivadabia,1, , ,0, ,72,0, ,,Acuña 1986;Google Maps;INEGI: MEX_topoloc,https://www2.usgs.gov/science/records-matching.php?thcode=3&code=850,-98.30177942,19.05826813,https://en.wikipedia.org/wiki/16th_century
18,74,Citlaltepec, ,Zitlaltepec,1, ,Cabecera,0, ,74,0, ,,Acuña 1986;Tanck de Estrada 2005: Atlas 1800, ,-99.14777778,19.80916667,https://en.wikipedia.org/wiki/16th_century
102,75,Coatepec, ,Coatepec De Los Costales,1, , ,0, ,75,0, ,,Acuña 1986;Tanck de Estrada 2005: Atlas 1800,https://www2.usgs.gov/science/records-matching.php?thcode=3&code=850,-99.72111111,18.34027778,https://en.wikipedia.org/wiki/16th_century
48,77,Coatlan, ,Chontalcoatlan,1, ,Cabecera,0, ,77,0, ,,Acuña 1986;Tanck de Estrada 2005: Atlas 1800, ,-99.57222222,18.65277778,https://en.wikipedia.org/wiki/16th_century
55,78,Cocula, ,Cocula,1, , ,0, ,78,0, ,,Acuña 1986;Google Maps;INEGI: MEX_topoloc,https://www2.usgs.gov/science/records-matching.php?thcode=3&code=850,-99.66115319,18.23591324,https://en.wikipedia.org/wiki/16th_century
117,79,Cohuatlichan, ,Coatlinchan,1, , ,0, ,79,0, ,,Acuña 1986;Tanck de Estrada 2005: Atlas 1800,https://www2.usgs.gov/science/records-matching.php?thcode=3&code=850,-98.87222222,19.44888889,https://en.wikipedia.org/wiki/16th_century
192,83,Cordillera Hichayaruparu,Hichayaruparu, ,1, ,Mountain Range,523,Near,83,0, ,,Acuña 1986;Allocated by research,https://www2.usgs.gov/science/records-matching.php?thcode=3&code=708,-100.7572939,19.22449522,https://en.wikipedia.org/wiki/16th_century
341,86,Xelitla, ,Xilitla,1, , ,0, ,86,0, ,30/12/1899 00:00:00,Acuña 1986;GeoNames_MX,https://www2.usgs.gov/science/records-matching.php?thcode=3&code=850,-98.98963,21.38534,https://en.wikipedia.org/wiki/16th_century
340,87,Yagualica, ,Yahualica,1, , ,0, ,87,0, ,30/12/1899 00:00:00,Acuña 1986;GeoNames_MX,https://www2.usgs.gov/science/records-matching.php?thcode=3&code=850,-98.38194444,20.94888889,https://en.wikipedia.org/wiki/16th_century
195,88,Costa del Norte, , ,2, ,Coast,0, ,88,0, ,,Acuña 1986;Allocated by research,https://www2.usgs.gov/science/records-matching.php?thcode=3&code=221,-95.32616624,18.77418051,https://en.wikipedia.org/wiki/16th_century
194,89,Costa del Sur, , ,2, ,Coast,0, ,89,0, ,,Acuña 1986;Allocated by research,https://www2.usgs.gov/science/records-matching.php?thcode=3&code=221,-96.48172559,15.50118532,https://en.wikipedia.org/wiki/16th_century
247,92,Cuchao, ,Acucha,1, ,Sujeto,523,Depends on,92,0, ,,Acuña 1986;Cline 1976, ,-100.66667,19.14667,https://en.wikipedia.org/wiki/16th_century
70,93,Cuentla, ,Cuentla,1, ,Sujeto,488,Depends on,93,0, ,,Acuña 1986;Tanck de Estrada 2005: Atlas 1800, ,-100.0558333,18.96805555,https://en.wikipedia.org/wiki/16th_century
210,95,Cueva Ecatl Ycamac,Ecatl Ycamac, ,2, ,Cave,0, ,95,0, ,,Acuña 1986;Allocated by research,https://www2.usgs.gov/science/records-matching.php?thcode=3&code=183,-100.0482171,19.03488747,https://en.wikipedia.org/wiki/16th_century
147,98,Cuitlahuaca, ,Tláhuac,1, , ,0, ,98,0, ,,Acuña 1986;Atlas 2010,https://www2.usgs.gov/science/records-matching.php?thcode=3&code=850,-99.004722,19.270556,https://en.wikipedia.org/wiki/16th_century
35,99,Culhuacan, ,Culhuacan,1, ,Sujeto,172,Depends on,99,0, ,,Acuña 1986;Tanck de Estrada 2005: Atlas 1800, ,-99.10694444,19.33777778,https://en.wikipedia.org/wiki/16th_century
129,100,Culhuacan,Culiacán Sinaloa,Culiacan Rosales,1, , ,0, ,100,0, ,,Acuña 1986;Atlas 2010,https://www2.usgs.gov/science/records-matching.php?thcode=3&code=850,-107.393611,24.808611,https://en.wikipedia.org/wiki/16th_century
87,101,Cupandaro, ,Copandaro,1, ,Sujeto,523,Depends on,101,0, ,,Acuña 1986;Tanck de Estrada 2005: Atlas 1800, ,-101.2133333,19.89166667,https://en.wikipedia.org/wiki/16th_century
201,104,Río de Cuzamala,Río de Cutzamala, ,1, ,River,0, ,104,0, ,,Acuña 1986;Allocated by research,https://www2.usgs.gov/science/records-matching.php?thcode=3&code=960,-100.5758801,18.47846333,https://en.wikipedia.org/wiki/16th_century
320,106,Cuzcaquautenango, , ,2,Dissapeared,Sujeto,488,Depends on,106,0, ,,Acuña 1986;Gonzalez 2013, ,-100.088358,18.932477,https://en.wikipedia.org/wiki/16th_century
212,108,Igualtepeque, ,Ihualtepec,1, , ,0, ,108,0, ,,Acuña 1986;Tanck de Estrada 2005: Atlas 1800,https://www2.usgs.gov/science/records-matching.php?thcode=3&code=850,-98.28944444,17.73972222,https://en.wikipedia.org/wiki/16th_century
51,109,Ichcateupan, ,Ixcateopan,1, , ,0, ,109,0, ,,Acuña 1986;Tanck de Estrada 2005: Atlas 1800,https://www2.usgs.gov/science/records-matching.php?thcode=3&code=850,-99.79361111,18.50305556,https://en.wikipedia.org/wiki/16th_century
211,111,San Cristóbal Ecatepec,Acatepec,Ecatepec De Morelos,1, , ,0, ,111,0, ,,Acuña 1986;INEGI: MEX_topoloc,https://www2.usgs.gov/science/records-matching.php?thcode=3&code=850,-99.04541058,19.60235642,https://en.wikipedia.org/wiki/16th_century
41,124,Guaxaca,Oaxaca;Huaxyacac;Antequera,Oaxaca De Juarez,1, , ,0, ,124,0, ,,Acuña 1986;INEGI: MEX_topoloc,https://www2.usgs.gov/science/records-matching.php?thcode=3&code=850,-96.72190157,17.0605374,https://en.wikipedia.org/wiki/16th_century
3,125,Guaxutla, ,Huejutla,1, , ,0, ,125,0, ,,Acuña 1986;Tanck de Estrada 2005: Atlas 1800,https://www2.usgs.gov/science/records-matching.php?thcode=3&code=850,-98.42,21.14027778,https://en.wikipedia.org/wiki/16th_century
7,126,Guayacocotla, ,Huayacocotla,1, , ,0, ,126,0, ,,Acuña 1986;Tanck de Estrada 2005: Atlas 1800,https://www2.usgs.gov/science/records-matching.php?thcode=3&code=850,-98.47972222,20.53527778,https://en.wikipedia.org/wiki/16th_century
2,131,Huexotzingo, ,Huejotzingo,1, , ,0, ,131,0, ,,Acuña 1986;Tanck de Estrada 2005: Atlas 1800,https://www2.usgs.gov/science/records-matching.php?thcode=3&code=850,-98.40611111,19.16,https://en.wikipedia.org/wiki/16th_century
219,133,Hueyapan,San Juan Hueyapan,San Juan de Dios,2, ,Estancia,3,Depends on,133,0, ,,Acuña 1986;GeoNames_MX, ,-99.55428,18.55,https://en.wikipedia.org/wiki/16th_century
79,134,Hueyapan, ,Hueyapan,1, ,Cabecera,0, ,134,0, ,,Acuña 1986;Tanck de Estrada 2005: Atlas 1800, ,-98.69138889,18.88388889,https://en.wikipedia.org/wiki/16th_century
6,136,Hueyotlipan,Hueyotlipa;Guayotipla,Hueyotlipan,1, , ,0, ,136,0, ,,Acuña 1986;Tanck de Estrada 2005: Atlas 1800,https://www2.usgs.gov/science/records-matching.php?thcode=3&code=850,-98.34583333,19.46861111,https://en.wikipedia.org/wiki/16th_century
112,137,Hueypustla, ,Hueypoxtla,1, , ,0, ,137,0, ,,Acuña 1986;Google Maps;Tanck de Estrada 2005: Atlas 1800,https://www2.usgs.gov/science/records-matching.php?thcode=3&code=850,-99.07836928,19.90709696,https://en.wikipedia.org/wiki/16th_century
60,139,Huitzilopochco,Churubusco;Huitzilupuchco,Churubusco,1, ,Sujeto,172,Depends on,139,0, ,,Acuña 1986;Tanck de Estrada 2005: Atlas 1800, ,-99.14611111,19.35416667,https://en.wikipedia.org/wiki/16th_century
36,142,Iguala, ,Iguala De La Independencia,1, , ,0, ,142,0, ,,Acuña 1986;INEGI: MEX_topoloc,https://www2.usgs.gov/science/records-matching.php?thcode=3&code=850,-99.54007548,18.34596387,https://en.wikipedia.org/wiki/16th_century
72,145,Iztapalapan,Iztapalapa,Iztapalapa,1, ,Sujeto,172,Depends on,145,0, ,,Acuña 1986;Tanck de Estrada 2005: Atlas 1800, ,-99.09305556,19.35833333,https://en.wikipedia.org/wiki/16th_century
82,146,Iztapan, ,Ixtapan De La Sal,1, ,Sujeto,455,Depends on,146,488, ,,Acuña 1986;Tanck de Estrada 2005: Atlas 1800, ,-99.67527778,18.84416667,https://en.wikipedia.org/wiki/16th_century
76,151,Jalisco, ,Xalisco,1, , ,0, ,151,0, ,,Acuña 1986;Tanck de Estrada 2005: Atlas 1800,https://www2.usgs.gov/science/records-matching.php?thcode=3&code=850,-104.9013889,21.44388889,https://en.wikipedia.org/wiki/16th_century
296,153,La Concepción De Nuestra Señora Texuxula, , ,2,Located one league to the west. Dissapeared,Estancia,32,Depends on,153,0, ,,Acuña 1986;Vazquez 1965: 30, ,-99.681393,18.507398,https://en.wikipedia.org/wiki/16th_century
148,154,La Laguna, , ,1, ,Lake,0, ,154,0, ,,Acuña 1986;Allocated by research,https://www2.usgs.gov/science/records-matching.php?thcode=3&code=596,-99.02290458,19.48152069,https://en.wikipedia.org/wiki/16th_century
37,155,La Puebla,Puebla;Puebla ciudad de los Angeles;Ciudad de Angeles,Heroica Puebla de Zaragoza,1, , ,0, ,155,0, ,,Acuña 1986;Atlas 2010,https://www2.usgs.gov/science/records-matching.php?thcode=3&code=850,-98.197222,19.043889,https://en.wikipedia.org/wiki/16th_century
284,156,La Trinidad, ,La Trinidad,2, ,Sujeto,463,Depends on,156,0, ,,Acuña 1986;GeoNames_MX, ,-98.541944,19.875278,https://en.wikipedia.org/wiki/16th_century
149,158,Los Reyes, ,Los Reyes,1, ,Sujeto,463,Depends on,158,0, ,,Acuña 1986;Atlas 2010, ,-98.533611,19.7875,https://en.wikipedia.org/wiki/16th_century
167,160,Los Reyes Payntlan, ,Paintla,1, ,Estancia,32,Depends on,160,0, ,,Acuña 1986;Atlas 2010, ,-99.655,18.503333,https://en.wikipedia.org/wiki/16th_century
158,162,Los Tres Reyes Izquitlan, ,San Pablo Ixquitlan,1, ,Sujeto,9,Depends on,162,0, ,,Acuña 1986;Google Maps;Google Earth;unikloc10gw, ,-98.787923,19.709833,https://en.wikipedia.org/wiki/16th_century
241,163,Mal Paises Del Volcán, ,Malpaís de Nealtican,2,Se refiere a un término de geomorfología: el malpaís es un accidente del relieve con rocas poco erosionadas de origen volcánico., ,0, ,163,0, ,,Acuña 1986;GeoNames_MX,https://www2.usgs.gov/science/records-matching.php?thcode=3&code=850,-98.4729,19.0394,https://en.wikipedia.org/wiki/16th_century
33,164,Malinalco, ,Malinalco,1, , ,0, ,164,0, ,,Acuña 1986;Tanck de Estrada 2005: Atlas 1800,https://www2.usgs.gov/science/records-matching.php?thcode=3&code=850,-99.49472222,18.94833333,https://en.wikipedia.org/wiki/16th_century
196,166,Mar del Norte, , ,2, ,Sea,0, ,166,0, ,,Acuña 1986;Allocated by research,https://www2.usgs.gov/science/records-matching.php?thcode=3&code=1015,-94.64480019,20.00849701,https://en.wikipedia.org/wiki/16th_century
193,167,Mar del Sur, , ,2, ,Sea,0, ,167,0, ,,Acuña 1986;Allocated by research,https://www2.usgs.gov/science/records-matching.php?thcode=3&code=1015,-97.03376054,14.27338344,https://en.wikipedia.org/wiki/16th_century
40,169,Mazamamaloya, ,San Mateo De Los Ranchos (Almomoloa),1, ,Sujeto,487,Depends on,169,0, ,,Acuña 1986;Tanck de Estrada 2005: Atlas 1800, ,-99.93111111,19.145,https://en.wikipedia.org/wiki/16th_century
236,170,Mazatepeque, ,Mazatepec,1, ,Sujeto,455,Depends on,170,0, ,,Acuña 1986;unickloc10gw, ,-100.099722,18.901111,https://en.wikipedia.org/wiki/16th_century
49,172,Mexicaltzingo,Mexicaltzinco,Mexicaltzingo,1,Corregimiento,Cabecera,0, ,172,0, ,,Acuña 1986;Tanck de Estrada 2005: Atlas 1800, ,-99.11888889,19.35555555,https://en.wikipedia.org/wiki/16th_century
150,173,México, ,Museo del Templo Mayor,1, , ,0, ,173,0, ,,Acuña 1986;Google Maps;Tanck de Estrada 2005: Atlas 1800,https://www2.usgs.gov/science/records-matching.php?thcode=3&code=850,-99.1313711,19.43492025,https://en.wikipedia.org/wiki/16th_century
29,175,Meztitlan, ,Metztitlan,1,Alcadía Mayor,Cabecera,0, ,175,0, ,,Acuña 1986;INEGI: MEX_topoloc, ,-98.76306062,20.5943101,https://en.wikipedia.org/wiki/16th_century
57,178,Minas de Izmiquilpa,Izmiquilpa;Izquimilpan,Ixmiquilpan,1, ,Mining Camp,0, ,178,0, ,,Acuña 1986;Tanck de Estrada 2005: Atlas 1800,https://www2.usgs.gov/science/records-matching.php?thcode=3&code=685,-99.21861111,20.48222222,https://en.wikipedia.org/wiki/16th_century
197,179,Minas de Pachuca, ,Pachuca de Soto,1, ,Mining Camp,0, ,179,0, ,,Acuña 1986;Atlas 2010,https://www2.usgs.gov/science/records-matching.php?thcode=3&code=685,-98.736944,20.122222,https://en.wikipedia.org/wiki/16th_century
109,180,Minas de Temazcaltepec,Temazcaltepec;Real de los Ríos,Real de Arriba,1, ,Mining Camp,0, ,180,0, ,,Acuña 1986;Google Maps;GeoNames_MX,https://www2.usgs.gov/science/records-matching.php?thcode=3&code=685,-100.0044688,19.04004243,https://en.wikipedia.org/wiki/16th_century
198,181,Minas de Tzacualpa,Tzacualpa;Tzacualpan;Tzaqualpan;Tzaqlpan, ,1, ,Mining camp,0, ,181,0, ,,Acuña 1986;Allocated by research,https://www2.usgs.gov/science/records-matching.php?thcode=3&code=685,-99.79299459,18.7189456,https://en.wikipedia.org/wiki/16th_century
151,182,Minas de Zultepeque,Zultepeque;Sultepeque,Sultepequito,1, ,Mining Camp,0, ,182,0, ,,Acuña 1986;Tanck de Estrada 2005: Atlas 1800,https://www2.usgs.gov/science/records-matching.php?thcode=3&code=685,-100.0180556,18.80638889,https://en.wikipedia.org/wiki/16th_century
11,184,Molango, ,Molango,1,Corregimiento,Cabecera,0, ,184,0, ,,Acuña 1986;INEGI: MEX_topoloc, ,-98.72372639,20.78758608,https://en.wikipedia.org/wiki/16th_century
122,188,Nochtepec,Nochtepeque;Nochtepeque de Citlaltepec,Noxtepec,1, ,Cabecera,446,Depends on,188,0, ,,Acuña 1986;Tanck de Estrada 2005: Atlas 1800, ,-99.69416667,18.66138889,https://en.wikipedia.org/wiki/16th_century
130,189,Nuestra Señora de la Concepción Chichilan, ,Chichila,1, ,Estancia,559,Depends on,189,0, ,,Acuña 1986;Atlas 2010, ,-99.701111,18.550556,https://en.wikipedia.org/wiki/16th_century
126,194,Oceloapan, ,Otzoloapan,1, ,Sujeto,455,Depends on,194,0, ,,Acuña 1986;Tanck de Estrada 2005: Atlas 1800, ,-100.295,19.11694444,https://en.wikipedia.org/wiki/16th_century
111,195,Ocelotepeque, ,Oxolotepec (Villa Cuauhtemoc),1, ,Sujeto,487,Depends on,195,0, ,,Acuña 1986;Tanck de Estrada 2005: Atlas 1800, ,-99.55777778,19.43194444,https://en.wikipedia.org/wiki/16th_century
42,197,Ocopetlayucan,Santa María Asunción;Santa María de la Asunción;Santa María Asunción Ocopetlayucan,Tochimilco,1, ,Cabecera,0, ,197,0, ,,Acuña 1986;Tanck de Estrada 2005: Atlas 1800, ,-98.56179585,18.90521156,https://en.wikipedia.org/wiki/16th_century
4,198,Ocotlan, ,Ocotlan,1, , ,0, ,198,0, ,,Acuña 1986;Tanck de Estrada 2005: Atlas 1800,https://www2.usgs.gov/science/records-matching.php?thcode=3&code=850,-98.47388889,18.14805555,https://en.wikipedia.org/wiki/16th_century
253,199,Ocoxuchitepeque, ,Ocoxochitepec,1, ,Sujeto,455,Depends on,199,0, ,,Acuña 1986;GeoNames_MX, ,-100.26114,19.27016,https://en.wikipedia.org/wiki/16th_century
277,200,Ozumba, ,Manantiales en Alcantarillas,1,"Manantial de agua que dotaba a Tepeapulco desde la actual localidad de Alcantarillas, Hidalgo.",Spring,463,Near,200,0, ,,Acuña 1986;Rivas 2008,https://www2.usgs.gov/science/records-matching.php?thcode=3&code=1067,-98.38244,19.79756,https://en.wikipedia.org/wiki/16th_century
251,201,Orocuti, ,Orocutín de Serdán,1, ,Sujeto,523,Depends on,201,0, ,,Acuña 1986;Cline 1976, ,-100.47139,19.26528,https://en.wikipedia.org/wiki/16th_century
14,202,Otlazpa, ,Otlazpa (Piedra Gorda),1, , ,0, ,202,0, ,,Acuña 1986;Tanck de Estrada 2005: Atlas 1800,https://www2.usgs.gov/science/records-matching.php?thcode=3&code=850,-99.35972222,19.80277778,https://en.wikipedia.org/wiki/16th_century
50,203,Otucpan, ,Actopan,1, , ,0, ,203,0, ,,Acuña 1986;Google Maps;Tanck de Estrada 2005: Atlas 1800,https://www2.usgs.gov/science/records-matching.php?thcode=3&code=850,-98.94287937,20.26906587,https://en.wikipedia.org/wiki/16th_century
119,204,Otumba, ,Otumba,1, , ,0, ,204,0, ,,Acuña 1986;Tanck de Estrada 2005: Atlas 1800,https://www2.usgs.gov/science/records-matching.php?thcode=3&code=850,-98.75472222,19.69694444,https://en.wikipedia.org/wiki/16th_century
125,205,Oztoteticpac, ,San Miguel De Los Ranchos (Oxtotilpan),1, ,Sujeto,487,Depends on,205,0, ,,Acuña 1986;Tanck de Estrada 2005: Atlas 1800, ,-99.88472222,19.14805555,https://en.wikipedia.org/wiki/16th_century
52,206,Pánuco, ,Pánuco,1, , ,0, ,206,0, ,,Acuña 1986;Tanck de Estrada 2005: Atlas 1800,https://www2.usgs.gov/science/records-matching.php?thcode=3&code=850,-98.181111,22.053611,https://en.wikipedia.org/wiki/16th_century
63,209,Pilcaya, ,Pilcaya,1, ,Cabecera,0, ,209,0, ,,Acuña 1986;Tanck de Estrada 2005: Atlas 1800, ,-99.675,18.74694444,https://en.wikipedia.org/wiki/16th_century
131,210,Pipioltepeque, ,Pipioltepec,1, ,Sujeto,455,Depends on,210,0, ,,Acuña 1986;Tanck de Estrada 2005: Atlas 1800, ,-100.0966667,19.23944444,https://en.wikipedia.org/wiki/16th_century
285,223,Santo Tomás,Pueblo De Santo Tomás,Santo Tomás,2, ,Sujeto,463,Depends on,223,0, ,,Acuña 1986;GeoNames_MX, ,-98.56882,19.90364,https://en.wikipedia.org/wiki/16th_century
269,225,San Antonio,Pueblo San Antonio,San Antonio,2, ,Sujeto,463,Depends on,225,0, ,,Acuña 1986;GeoNames_MX, ,-98.46822,19.72734,https://en.wikipedia.org/wiki/16th_century
273,226,San Bartolomé,Pueblo San Bartolomé,San Bartolomé Tepetates,2, ,Sujeto,463,Depends on,226,0, ,,Acuña 1986;GeoNames_MX, ,-98.55861,19.74056,https://en.wikipedia.org/wiki/16th_century
165,230,San Gabriel, ,San Gabriel (Azteca),1, ,Sujeto,463,Depends on,230,0, ,,Acuña 1986;Tanck de Estrada 2005: Atlas 1800, ,-98.61472222,19.87916667,https://en.wikipedia.org/wiki/16th_century
279,231,San Jerónimo,Pueblo San Jerónimo,San Jerónimo,2, ,Sujeto,463,Depends on,231,0, ,,Acuña 1986;GeoNames_MX, ,-98.47478,19.81021,https://en.wikipedia.org/wiki/16th_century
280,233,San Marcos,Pueblo San Marcos,San Marcos,2, ,Sujeto,463,Depends on,233,0, ,,Acuña 1986;GeoNames_MX, ,-98.46724,19.83292,https://en.wikipedia.org/wiki/16th_century
276,234,San Miguel,Pueblo San Miguel,San Miguel de las Tunas,2, ,Sujeto,463,Depends on,234,0, ,,Acuña 1986;GeoNames_MX, ,-98.43575,19.78129,https://en.wikipedia.org/wiki/16th_century
270,235,San Salvador,Pueblo San Salvador,San Salvador,2, ,Sujeto,463,Depends on,235,0, ,,Acuña 1986;GeoNames_MX, ,-98.54333,19.72806,https://en.wikipedia.org/wiki/16th_century
274,236,San Sebastián,Pueblo San Sebastián,San Sebastián,2, ,Sujeto,463,Depends on,236,0, ,,Acuña 1986;GeoNames_MX_MX, ,-98.46984,19.74542,https://en.wikipedia.org/wiki/16th_century
286,237,Santa Ana,Pueblo Santa Ana,Santa Ana Chichicuautla,2, ,Sujeto,463,Depends on,237,0, ,,Acuña 1986;GeoNames_MX, ,-98,19.927778,https://en.wikipedia.org/wiki/16th_century
265,239,Santa Clara,Pueblo Santa Clara,Santa Clara,2, ,Sujeto,463,Depends on,239,0, ,,Acuña 1986;GeoNames_MX, ,-98.57778,19.69889,https://en.wikipedia.org/wiki/16th_century
278,240,Santa Cruz,Pueblo Santa Cruz,Ex Hacienda Santa Cruz,2, ,Sujeto,463,Depends on,240,0, ,,Acuña 1986;GeoNames_MX, ,-98.40044,19.800278,https://en.wikipedia.org/wiki/16th_century
264,243,Santiago,Pueblo Santiago,Santiago Tetlapayac,2, ,Sujeto,463,Depends on,243,0, ,,Acuña 1986;GeoNames_MX, ,-98.3325,19.69,https://en.wikipedia.org/wiki/16th_century
185,246,Puerto de la Veracruz, , ,1, ,Harbor,0, ,246,0, ,,Acuña 1986;Google Maps,https://www2.usgs.gov/science/records-matching.php?thcode=3&code=485,-96.13352315,19.20458007,https://en.wikipedia.org/wiki/16th_century
153,248,Tampico,Puerto de Tampico,Pueblo Viejo  (Ciudad Cuauhtemoc),1, ,Harbor,0, ,248,0, ,,Acuña 1986;Tanck de Estrada 2005: Atlas 1800,https://www2.usgs.gov/science/records-matching.php?thcode=3&code=485,-97.83472222,22.18333333,https://en.wikipedia.org/wiki/16th_century
321,250,Quauhtepeque, ,Ceiba Obscura (Peña del Águila),2, ,Sujeto,455,Depends on,250,487, ,,Acuña 1986;GeoNames_MX, ,-100.40059,18.97184,https://en.wikipedia.org/wiki/16th_century
21,251,Quauhtitlan,Cuauhtitlan,Cuautitlan,1, , ,0, ,251,0, ,,Acuña 1986;Tanck de Estrada 2005: Atlas 1800,https://www2.usgs.gov/science/records-matching.php?thcode=3&code=850,-99.17916667,19.66694444,https://en.wikipedia.org/wiki/16th_century
260,253,Quauhyocan San Marcos,Quacyocan;Quauhyocan;San Marcos Quauhyocan;San Marcos Quacyocan,San Marcos Nepantla,1, ,Sujeto,9,Depends on,253,0, ,,Acuña 1986;Carrasco 2011, ,-98.931111,19.666667,https://en.wikipedia.org/wiki/16th_century
101,255,Real De San Andrés, ,San Andres De Los Gama,1, ,Mining Camp,0, ,255,0, ,,Acuña 1986;Tanck de Estrada 2005: Atlas 1800,https://www2.usgs.gov/science/records-matching.php?thcode=3&code=685,-99.96888889,19.03694444,https://en.wikipedia.org/wiki/16th_century
249,256,Río de Toluca, ,Rio Lerma,1, ,River,260,Near,256,0, ,,Acuña 1986;GeoNames_MX,https://www2.usgs.gov/science/records-matching.php?thcode=3&code=960,-99.50679,19.16385,https://en.wikipedia.org/wiki/16th_century
287,257,Río Zultepeque,Zultepeque,Río Chontalcoatlan,1,"Río que viene de Zultepeque, no se llama así",River,77,Near,257,0, ,,Acuña 1986;GeoNames_MX,https://www2.usgs.gov/science/records-matching.php?thcode=3&code=960,-99.57782,18.66206,https://en.wikipedia.org/wiki/16th_century
154,258,Rio Cinapan, ,Rio Cutzamala,1, ,River,0, ,258,0, ,,Acuña 1986;Allocated by research,https://www2.usgs.gov/science/records-matching.php?thcode=3&code=960,-100.5990351,19.12508726,https://en.wikipedia.org/wiki/16th_century
155,259,Río Temazcaltepec,Río de Santo Tomás, ,1, ,River,0, ,259,0, ,,Acuña 1986;Allocated by research,https://www2.usgs.gov/science/records-matching.php?thcode=3&code=960,-100.042973,19.04314673,https://en.wikipedia.org/wiki/16th_century
209,260,Toluca, ,Toluca,1, ,Villa,0, ,260,0, ,,Acuña 1986;Google Maps;Tanck de Estrada 2005: Atlas 1800, ,-99.65722013,19.2915179,https://en.wikipedia.org/wiki/16th_century
208,262,Río Hueyatengo,Hueyatengo, ,1, ,River,0, ,262,0, ,,Acuña 1986;Allocated by research,https://www2.usgs.gov/science/records-matching.php?thcode=3&code=960,-100.1478588,18.89519774,https://en.wikipedia.org/wiki/16th_century
288,263,Río Jahualtzingo,Jahualtzingo,Río Chontalcoatlan,1,"Río que viene de Jahualtzingo, no se llama así",River,77,Near,263,0, ,,Acuña 1986;GeoNames_MX,https://www2.usgs.gov/science/records-matching.php?thcode=3&code=960,-99.57782,18.66206,https://en.wikipedia.org/wiki/16th_century
156,266,Acatepec,S Francisco Acatepec;San Francisco Acatepec,Acatepec,1, , ,0, ,266,0, ,,Acuña 1986;Tanck de Estrada 2005: Atlas 1800,https://www2.usgs.gov/science/records-matching.php?thcode=3&code=850,-98.32027778,19.01111111,https://en.wikipedia.org/wiki/16th_century
12,267,Chiautla, ,Chiautla,1, , ,0, ,267,0, ,,Acuña 1986;Tanck de Estrada 2005: Atlas 1800,https://www2.usgs.gov/science/records-matching.php?thcode=3&code=850,-98.60361111,18.30027778,https://en.wikipedia.org/wiki/16th_century
157,268,Chilapa, ,Chilapa,1, , ,0, ,268,0, ,,Acuña 1986;Tanck de Estrada 2005: Atlas 1800,https://www2.usgs.gov/science/records-matching.php?thcode=3&code=850,-99.17666667,17.59861111,https://en.wikipedia.org/wiki/16th_century
207,271,Piaztlan, ,Piaxtla,1, , ,0, ,271,0, ,,Acuña 1986;INEGI: MEX_topoloc,https://www2.usgs.gov/science/records-matching.php?thcode=3&code=850,-98.25240486,18.20036947,https://en.wikipedia.org/wiki/16th_century
254,276,San Andrés, ,San Andrés Tomatlán,1, ,Barrio,99,Depends on,276,0, ,,Acuña 1986;GeoNames_MX, ,-99.10543,19.3274,https://en.wikipedia.org/wiki/16th_century
271,277,San Andrés  Oztocpachocan,San Andrés Oztolpachucan;San Andrés Oztoc-Pachocan,Santa María Palapa,2, ,Sujeto,327,Depends on,277,0, ,,Acuña 1986;Sanders and Evans 2001: 896, ,-98.84834,19.73589,https://en.wikipedia.org/wiki/16th_century
223,278,San Andrés Itztepec, ,Ixtepec,1, ,Estancia,188,Depends on,278,0, ,,Acuña 1986;GeoNames_MX, ,-99.71661,18.63898,https://en.wikipedia.org/wiki/16th_century
314,279,San Andrés Ocotzoc, ,San Andrés,2, ,Estancia,480,Depends on,279,0, ,,Acuña 1986;GeoNames_MX, ,-99.61139,18.64778,https://en.wikipedia.org/wiki/16th_century
232,281,San Andrés Zapotitlan, ,San Andrés Uno,2,Location established according to the text of the RG's,Estancia,209,Depends on,281,0, ,,Acuña 1986;GeoNames_MX, ,-99.680653,18.745058,https://en.wikipedia.org/wiki/16th_century
267,283,San Antonio Tlaxomolco,San Antonio Tlaxomulco,San Antonio de las Palmas,2, ,Sujeto,327,Depends on,283,0, ,,Acuña 1986;Sanders and Evans 2001: 896, ,-98.85684,19.71806,https://en.wikipedia.org/wiki/16th_century
138,284,San Bartolomé Atocpan, ,San Bartolomé Atocpan,1, ,Sujeto,472,Depends on,284,0, ,,Acuña 1986;Atlas 2010, ,-98.856667,19.836667,https://en.wikipedia.org/wiki/16th_century
255,285,San Bartolomé Quauhtlapechco, ,San Bartolo,1, ,Sujeto,9,Depends on,285,0, ,,Acuña 1986;Gibson 1964, ,-98.90215,19.65533,https://en.wikipedia.org/wiki/16th_century
137,287,San Cristóbal Culhuacatzingo,Cristóbal Culhuacatzinco,San Cristóbal Colhuacan,1, ,Sujeto,472,Depends on,287,0, ,,Acuña 1986;Google Maps;Google Earth;unikloc10gw, ,-98.822639,19.776958,https://en.wikipedia.org/wiki/16th_century
214,288,Santa Cruz Tezapoapan, ,Zapoapa,1, ,Estancia,482,Depends on,288,0, ,,Acuña 1986;GeoNames_MX, ,-99.66295,18.43568,https://en.wikipedia.org/wiki/16th_century
217,289,San Esteban Ahuazhuatepec, ,San Esteban,2,Located one league to the west from the cabecera.,Estancia,559,Depends on,289,0, ,01/01/1590 00:00:00,Acuña 1986;Gerhard 1972;Vazquez 1965: 29, ,-99.70705,18.53185,https://en.wikipedia.org/wiki/16th_century
312,291,San Felipe Apanco,San Felipe Apano,Coapango,2, ,Estancia,559,Depends on,291,0, ,,Acuña 1986;Armillas 1991, ,-99.55545,18.63386,https://en.wikipedia.org/wiki/16th_century
145,292,San Felipe Cuixteliuhcan, ,Hacienda de Ocuilixtlahuacán,1, ,Estancia,482,Depends on,292,0, ,,Acuña 1986;Atlas 2010, ,-99.686389,18.405,https://en.wikipedia.org/wiki/16th_century
106,293,San Felipe Zacatepec, ,Zacatepec,1, ,Sujeto,9,Depends on,293,0, ,,Acuña 1986;Tanck de Estrada 2005: Atlas 1800, ,-98.78361111,19.84194444,https://en.wikipedia.org/wiki/16th_century
246,294,San Francisco, ,San Francisco Tetetla,1, ,Sujeto,483,Depends on,294,0, ,,Acuña 1986;The RG's Teotenango Map, ,-99.60141,19.11669,https://en.wikipedia.org/wiki/16th_century
293,295,San Francisco Ahuacatenamic,San Francisco Aguacatenango, ,2,Located 2 and a half leagues from the cabecera towards the southeast. Dissapeared,Estancia,3,Depends on,295,0, ,,Acuña 1986;Vazquez 1965: 27, ,-99.509199,18.479162,https://en.wikipedia.org/wiki/16th_century
229,296,San Francisco Chichila, ,Chichila,1, ,Estancia,480,Depends on,296,0, ,,Acuña 1986;GeoNames_MX, ,-99.65165,18.71315,https://en.wikipedia.org/wiki/16th_century
170,299,San Francisco Huilango, ,San Francisco Huilango,1, ,Sujeto,197,Depends on,299,0, ,,Acuña 1986;Atlas 2010, ,-98.583056,18.843333,https://en.wikipedia.org/wiki/16th_century
316,300,San Sebastián Mazaixtlahuacan, , ,1,Dissapeared. Located one and a half league to the north from the cabecera.,Estancia,77,Depends on,300,0, ,,Acuña 1986;Vazquez 1965: 35;Gerhard 1972, ,-99.575328,18.710111,https://en.wikipedia.org/wiki/16th_century
62,301,San Francisco Mazatlan, ,San Francisco Mazapa,1, ,Sujeto,327,Depends on,301,0, ,,Acuña 1986;Atlas 2010, ,-98.833889,19.690833,https://en.wikipedia.org/wiki/16th_century
306,303,San Francisco Texitlan, , ,2,Dissapeared. The Relación explains it is no longer than 1 legua far from the cabecera. According to García Pimentel it is half a league to the south from the cabecera.,Estancia,11,Depends on,303,0, ,,Acuña 1986;Vazquez 1965: 34, ,-99.544671,18.579769,https://en.wikipedia.org/wiki/16th_century
309,304,San Francisco Tlazontecpac,San Francisco Tlatzontecpan, San Francisco,2,Located one league to the north from the cabecera.,Estancia,559,Depends on,304,0, ,01/01/1590 00:00:00,Acuña 1986;Gerhard 1972;Vazquez 1965: 29, ,-99.662144,18.588497,https://en.wikipedia.org/wiki/16th_century
216,306,San Gabriel Xaloztoc, ,Xolostoc,1, ,Estancia,32,Depends on,306,0, ,,Acuña 1986;GeoNames_MX, ,-99.73333,18.51667,https://en.wikipedia.org/wiki/16th_century
311,307,San Gaspar Atzumpan, , ,2,Dissapeared. The Relación explains it is no longer than 1 legua far from the cabecera. Located one league to the east from the cabecera.,Estancia,11,Depends on,307,0, ,,Acuña 1986;Vazquez 1965: 34, ,-99.503908,18.603433,https://en.wikipedia.org/wiki/16th_century
233,308,San Gaspar Tepoznechicoyan, ,San Gaspar,2,Location established according to the text of the RG's,Estancia,209,Depends on,308,0, ,,Acuña 1986;GeoNames_MX, ,-99.547067,18.77629,https://en.wikipedia.org/wiki/16th_century
313,310,San Gaspar Teteltitlan, , ,1,Dissapeared. Located half a league to the south from the cabecera.,Estancia,77,Depends on,310,0, ,,Acuña 1986;Vazquez 1965: 35;Gerhard 1972, ,-99.578579,18.635715,https://en.wikipedia.org/wiki/16th_century
227,311,San Gaspar Tetzicapan, ,Tetzicapan,1, ,Estancia,188,Depends on,311,0, ,,Acuña 1986;GeoNames_MX, ,-99.763889,18.702222,https://en.wikipedia.org/wiki/16th_century
338,312,San Gaspar Zizipique, , ,2,Dissapeared,Sujeto,544,Depends on,312,0, ,30/12/1899 00:00:00,Acuña 1986;Pimentel 1897, ,-99.024132,19.898807,https://en.wikipedia.org/wiki/16th_century
140,313,San Gregorio Quauhtenco, ,San Gregorio,1, ,Estancia,77,Depends on,313,0, ,,Acuña 1986;Atlas 2010, ,-99.5925,18.628333,https://en.wikipedia.org/wiki/16th_century
215,315,San Jerónimo Aquiapan, ,Aquiapan,1, ,Estancia,32,Depends on,315,0, ,,Acuña 1986;GeoNames_MX, ,-99.67581,18.51215,https://en.wikipedia.org/wiki/16th_century
310,316,San José Tepozonaltitlan, , ,2,Dissapeared. The Relación explains it is no longer than 1 legua far from the cabecera. Located one league to the west from the cabecera.,Estancia,11,Depends on,316,0, ,,Acuña 1986;Vazquez 1965: 34, ,-99.584466,18.602885,https://en.wikipedia.org/wiki/16th_century
259,319,San Juan Atlatongo,San Juan Atlatonco,Santiago Atlatongo,1, ,Sujeto,9,Depends on,319,0, ,,Acuña 1986;Gibson 1964, ,-98.904022,19.666234,https://en.wikipedia.org/wiki/16th_century
256,320,San Juan Chicnahuatecapan,San Juan Chicnauhtecapan;San Juan Chicnahuatecapan,San Juanico,1, ,Sujeto,9,Depends on,320,0, ,,Acuña 1986;Mendez 2015, ,-98.897861,19.659728,https://en.wikipedia.org/wiki/16th_century
325,321,San Juan Cuyoa, , ,2,Dissapeared,Sujeto,472,Depends on,321,0, ,,Acuña 1986;Sanders and Evans 2001: 895, ,-98.89714,19.77808,https://en.wikipedia.org/wiki/16th_century
121,322,San Juan Cuzcatlan,Cuzcatlan,Coxcatlan,1, ,Estancia,505,Depends on,322,0, ,,Acuña 1986;Google Maps;Google Earth;unikloc10gw, ,-99.459803,18.495055,https://en.wikipedia.org/wiki/16th_century
181,323,San Juan de Tetela,Tetella;Tetela,Tetela Del Volcan,1, ,Cabecera,0, ,323,0, ,,Acuña 1986;Tanck de Estrada 2005: Atlas 1800, ,-98.72944444,18.89194444,https://en.wikipedia.org/wiki/16th_century
290,324,San Juan Pololapan, , ,2,Located three leagues from the cabecera to the Southeast. Dissapeared,Estancia,446,Depends on,324,0, ,,Acuña 1986;Vazquez 1965: 27, ,-99.491899,18.402868,https://en.wikipedia.org/wiki/16th_century
136,325,San Juan Teacalco, ,Teacalco,1, ,Sujeto,472,Depends on,325,0, ,,Acuña 1986;Tanck de Estrada 2005: Atlas 1800, ,-98.85305556,19.80388889,https://en.wikipedia.org/wiki/16th_century
228,326,San Juan Tecololtzingo, ,San Juan,2,Location established according to the text of the RG's,Estancia,209,Depends on,326,0, ,,Acuña 1986;GeoNames_MX, ,-99.77831,18.703684,https://en.wikipedia.org/wiki/16th_century
114,327,San Juan Teotihuacan,Teotihuacan;San Juan Teutihuacan,Teotihuacan,1, ,Cabecera,0, ,327,0, ,,Acuña 1986;Tanck de Estrada 2005: Atlas 1800, ,-98.86083333,19.68972222,https://en.wikipedia.org/wiki/16th_century
329,328,San Juan Tepehuizco, ,Rancho Tepehuixco,2, ,Sujeto,9,Depends on,328,0, ,,Acuña 1986;GeoNames_MX, ,-98.87592,19.83705,https://en.wikipedia.org/wiki/16th_century
168,331,San Juan Texopan, ,Tejupa,1, , ,0, ,331,0, ,,Acuña 1986;Tanck de Estrada 2005: Atlas 1800,https://www2.usgs.gov/science/records-matching.php?thcode=3&code=850,-98.54,18.85388889,https://en.wikipedia.org/wiki/16th_century
305,333,San Juan Tlalcomulco, , ,2,Dissapeared. Located half a league to the north from the cabecera.,Estancia,559,Depends on,333,0, ,01/01/1590 00:00:00,Acuña 1986;Gerhard 1972;Vazquez 1965: 29, ,-99.643525,18.56928,https://en.wikipedia.org/wiki/16th_century
317,334,San Juan Tlaxichco, , ,2,Dissapeared,Sujeto,197,Depends on,334,0, ,,Acuña 1986;Davies 1968, ,-98.55999,18.80238,https://en.wikipedia.org/wiki/16th_century
263,335,San Juan Tlaylotlacan,San Juan Evangelista Tlaylotlacan,San Juan Evangelista,1, ,Sujeto,327,Depends on,335,0, ,,Acuña 1986;Sanders and Evans 2001: 896, ,-98.8813,19.6896,https://en.wikipedia.org/wiki/16th_century
258,337,San Lorenzo Atezcapan,Ejido de San Lorenzo,Ejido de San Lorenzo,2,Aztec Imperial Strategies (Sanders identifies San Lorezo Atezcapa in one area to the south of San Juan Teotihuacan),Sujeto,327,Depends on,337,0, ,,Acuña 1986;Allocated by research, ,-98.873056,19.665278,https://en.wikipedia.org/wiki/16th_century
318,338,San Lucas Colotzingo, ,Santa Teresa Tochimilco,2, ,Pueblo,197,Near,338,0, ,,Acuña 1986;Jarquin 1990,https://www2.usgs.gov/science/records-matching.php?thcode=3&code=850,-98.55524,18.88925,https://en.wikipedia.org/wiki/16th_century
169,340,San Lucas Tolantzingo, ,San Lucas Tulcingo,1, ,Sujeto,197,Depends on,340,0, ,,Acuña 1986;Atlas 2010, ,-98.594167,18.837222,https://en.wikipedia.org/wiki/16th_century
108,341,San Luis Xiuhquemecan,San Luis Xiuhquemeccan,Tecuahutitlan,1, ,Sujeto,327,Depends on,341,0, ,,Acuña 1986;Tanck de Estrada 2005: Atlas 1800, ,-98.88333333,19.76666667,https://en.wikipedia.org/wiki/16th_century
304,342,San Marcos Quauhxomolco, , ,2,Dissapeared. Located half league to the North East.,Estancia,559,Depends on,342,0, ,01/01/1590 00:00:00,Acuña 1986;Gerhard 1972, ,-99.63217,18.56016,https://en.wikipedia.org/wiki/16th_century
95,343,San Marcos Tecozauhyan, ,Jocotitlan,1, ,Estancia,209,Depends on,343,0, ,,Acuña 1986;Tanck de Estrada 2005: Atlas 1800, ,-99.75166667,18.6925,https://en.wikipedia.org/wiki/16th_century
272,346,San Martin  Tonala,San Martín Tonala;San Agustín Tonala,Cerro Tonalan,2, ,Sujeto,9,Depends on,346,0, ,,Acuña 1986;Allocated by research, ,-98.90778,19.73629,https://en.wikipedia.org/wiki/16th_century
159,347,San Agustín Aticpac,San Martín Aticpac;San Agustín,San Agustín Aticpac,1, ,Sujeto,9,Depends on,347,0, ,,Acuña 1986;Google Maps;Google Earth;unikloc10gw, ,-98.896666,19.7321,https://en.wikipedia.org/wiki/16th_century
322,354,San Mateo, ,San Francisco Putla,2, ,Sujeto,483,Depends on,354,0, ,,Acuña 1986;The RG's Teotenango Map, ,-99.634536,19.125818,https://en.wikipedia.org/wiki/16th_century
172,355,San Mateo Hueycalco, ,San Mateo,1, ,Sujeto,478,Depends on,355,0, ,,Acuña 1986;GeoNames_Mx, ,-99.13923,19.89868,https://en.wikipedia.org/wiki/16th_century
84,357,San Mateo Teopancalco, ,Teopancala,1, ,Sujeto,472,Depends on,357,0, ,,Acuña 1986;GeoNames_MX, ,-98.88664,19.80705,https://en.wikipedia.org/wiki/16th_century
183,361,San Miguel Ahuacomoluca, ,San Miguel Aguacomulican,1, , ,0, ,361,0, ,,Acuña 1986;Atlas 2010,https://www2.usgs.gov/science/records-matching.php?thcode=3&code=850,-98.550278,18.822222,https://en.wikipedia.org/wiki/16th_century
331,362,San Miguel, ,San Miguel Balderas,1, ,Sujeto,483,Depends on,362,0, ,,Acuña 1986;The RG's Teotenango Map, ,-99.6526,19.1081,https://en.wikipedia.org/wiki/16th_century
298,363,San Miguel Ichpochquilan, , ,2,Dissapeared. Located 3/4 of a league to the south of the cabecera.,Estancia,559,Depends on,363,0, ,01/01/1590 00:00:00,Acuña 1986;Gerhard 1972;Vazquez 1965: 29, ,-99.644713,18.520066,https://en.wikipedia.org/wiki/16th_century
295,364,San Miguel Tecomahueyecan, , ,2,Located two leagues from the cabecera to the west. Dissapeared,Estancia,32,Depends on,364,0, ,,Acuña 1986;Vazquez 1965: 29, ,-99.739214,18.50697,https://en.wikipedia.org/wiki/16th_century
323,366,San Miguel Tlalquac, , ,1,Dissapeared,Sujeto,327,Depends on,366,0, ,,Acuña 1986;Sanders and Evans 2001: 896, ,-98.85824,19.63824,https://en.wikipedia.org/wiki/16th_century
92,367,San Miguel Xumetla,San Miguel Xumetla,Xometla,1, ,Sujeto,9,Depends on,367,0, ,,Acuña 1986;Google Maps;Google Earth;unikloc10gw, ,-98.882107,19.643505,https://en.wikipedia.org/wiki/16th_century
291,368,San Miguel Zapotitlan, , ,1,Dissapeared. Located to leagues from the cabecera to the south,Estancia,505,Depends on,368,0, ,,Acuña 1986;Vazquez 1965: 30, ,-99.4952,18.426601,https://en.wikipedia.org/wiki/16th_century
262,369,San Nicolás Tenextlacotla, ,Tenexcaluca,1, ,Sujeto,9,Depends on,369,0, ,,Acuña 1986;Gibson 1964, ,-98.90721,19.68787,https://en.wikipedia.org/wiki/16th_century
225,370,San Pablo Contlalco, ,Contlalco,2, ,Estancia,446,Depends on,370,0, ,,Acuña 1986;Vazquez 1965: 27, ,-99.445,18.65972,https://en.wikipedia.org/wiki/16th_century
336,374,San Pedro Tapalcapan,Tapalcapan San Pedro,El Chopo,2, ,Sujeto,544,Depends on,374,0, ,30/12/1899 00:00:00,Acuña 1986;Pimentel 1897, ,-99.012711,19.863829,https://en.wikipedia.org/wiki/16th_century
163,375,San Pedro Tepetitlan, ,San Pedro Tepetitlán,1, ,Sujeto,9,Depends on,375,0, ,,Acuña 1986;Atlas 2010, ,-98.890556,19.629722,https://en.wikipedia.org/wiki/16th_century
301,377,San Pedro Texoxoco, , ,2,Dissapeared. Located half a league to the west from the cabecera.,Estancia,559,Depends on,377,0, ,01/01/1590 00:00:00,Acuña 1986;Gerhard 1972;Vazquez 1965: 29, ,-99.665699,18.546335,https://en.wikipedia.org/wiki/16th_century
292,378,San Pedro Tlacotitlan,San Pedro Tlacotítlan, ,2,Dissapeared. Located one league to the south from the cabecera.,Estancia,505,Depends on,378,0, ,,Acuña 1986;Vazquez 1965: 31, ,-99.499533,18.460773,https://en.wikipedia.org/wiki/16th_century
324,380,San Pedro Tlaxican,San Pedro Tlahuican, ,2,Dissapeared. Sanders & Evans 2001 relate this place to Rancho Tlajinga.,Sujeto,327,Depends on,380,0, ,,Acuña 1986;Sanders and Evans 2001: 896, ,-98.851591,19.668294,https://en.wikipedia.org/wiki/16th_century
275,382,San Pedro Tulamihuacan, ,Rancho Mihuacán,2, ,Sujeto,472,Depends on,382,0, ,,Acuña 1986;Sanders and Evans 2001, ,-98.875278,19.778333,https://en.wikipedia.org/wiki/16th_century
315,383,San Pedro Xilotepec, ,Rancho San Pedro,2, ,Estancia,480,Depends on,383,0, ,,Acuña 1986;GeoNames_MX, ,-99.65357,18.65165,https://en.wikipedia.org/wiki/16th_century
127,385,San Sebastián Chimalpa,San Sebastián Chimalpan,Chimalpa (Kilómetro 34 Carretera México-Tulancingo),1, ,Sujeto,327,Depends on,385,0, ,,Acuña 1986;Atlas 2010, ,-98.784167,19.725278,https://en.wikipedia.org/wiki/16th_century
303,386,San Sebastián Chiapan, , ,2,Dissapeared. Located 1/4 of a league to the north from the cabecera.,Estancia,559,Depends on,386,0, ,01/01/1590 00:00:00,Acuña 1986;Gerhard 1972, ,-99.643776,18.555364,https://en.wikipedia.org/wiki/16th_century
213,388,San Sebastián Mexcaltepeque, ,Mexcaltepec,1, ,Estancia,446,Depends on,388,0, ,,Acuña 1986;Vazquez 1965: 27, ,-99.545278,18.41889,https://en.wikipedia.org/wiki/16th_century
144,389,San Sebastián Petlacalapan,San Sebastián Petlacalpan,Petlacalapa,1, ,Estancia,482,Depends on,389,0, ,,Acuña 1986;Toponimos50k, ,-99.66933362,18.459285,https://en.wikipedia.org/wiki/16th_century
297,390,San Sebastián Tenantzingo, ,San Sebastián,2, ,Estancia,3,Depends on,390,0, ,,Acuña 1986;GeoNames_MX, ,-99.58007,18.51527,https://en.wikipedia.org/wiki/16th_century
171,392,San Sebastián Tlalasco, ,San Sebastián,1, ,Sujeto,478,Depends on,392,0, ,,Acuña 1986;GeoNames_Mx, ,-99.17222,19.92667,https://en.wikipedia.org/wiki/16th_century
230,395,Santa Lucía Tepuzchiuhcan, ,Rancho Santa Lucía,2,Location established according to the text of the RG's,Estancia,209,Depends on,395,0, ,,Acuña 1986;GeoNames_MX, ,-99.742127,18.724941,https://en.wikipedia.org/wiki/16th_century
337,397,Santa María Aqualachucan, ,Santa María Cuevas,1, ,Estancia,544,Depends on,397,0, ,30/12/1899 00:00:00,Acuña 1986;GeoNames_MX, ,-99.09875,19.86611,https://en.wikipedia.org/wiki/16th_century
221,401,Santa María Chapulicxitla, ,Chapulistlan,2, ,Estancia,3,Depends on,401,0, ,,Acuña 1986;Vazquez 1965: 27, ,-99.47265,18.56388,https://en.wikipedia.org/wiki/16th_century
226,402,Santa María Chimaltitlan, ,Chimaltitlán,1, ,Estancia,480,Depends on,402,0, ,,Acuña 1986;GeoNames_MX, ,-99.61125,18.67076,https://en.wikipedia.org/wiki/16th_century
135,404,Santa María Maquixco, ,Maquixco,1, ,Sujeto,472,Depends on,404,0, ,,Acuña 1986;GeoNames_MX, ,-98.88912,19.68533,https://en.wikipedia.org/wiki/16th_century
326,405,Santa María Suchitepec, , ,1,Dissapeared,Sujeto,472,Depends on,405,0, ,,Acuña 1986;Sanders and Evans 2001: 895, ,-98.88418,19.79028,https://en.wikipedia.org/wiki/16th_century
162,408,Santa María Tzaquala, ,Ejidos de Cuanalán,1, ,Sujeto,9,Depends on,408,0, ,,Acuña 1986;Atlas 2010, ,-98.918056,19.6275,https://en.wikipedia.org/wiki/16th_century
118,409,Santiago Atla, ,Atlatongo,1, ,Sujeto,9,Depends on,409,0, ,,Acuña 1986;Tanck de Estrada 2005: Atlas 1800, ,-98.90305556,19.66583333,https://en.wikipedia.org/wiki/16th_century
141,410,Santiago Cacahuamilpan,Santiago Cacahuamillpan,Cacahuamilpa,1, ,Estancia,77,Depends on,410,0, ,,Acuña 1986;Google Maps;Google Earth;unikloc10gw, ,-99.507391,18.684235,https://en.wikipedia.org/wiki/16th_century
184,411,Santiago Cicinahuacan, ,Atzitzihuacan,1, , ,0, ,411,0, ,,Acuña 1986;Tanck de Estrada 2005: Atlas 1800,https://www2.usgs.gov/science/records-matching.php?thcode=3&code=850,-98.58138889,18.82277778,https://en.wikipedia.org/wiki/16th_century
160,414,Santiago Nopaltepec,Santiago Nopaltepeque,Nopaltepec,1, ,Sujeto,9,Depends on,414,0, ,,Acuña 1986;Atlas 2010, ,-98.709444,19.778611,https://en.wikipedia.org/wiki/16th_century
307,415,Santiago Popoyomatla, , ,2,Dissapeared. The Relación explains it is no longer than 1 legua far from the cabecera. According to García Pimentel it is half a league to the south from the cabecera.,Estancia,11,Depends on,415,0, ,,Acuña 1986;Vazquez 1965: 34, ,-99.543287,18.583633,https://en.wikipedia.org/wiki/16th_century
222,416,Santiago Quauhtocayan,Santiago,Santiago,2, ,Estancia,559,Depends on,416,0, ,01/01/1590 00:00:00,Acuña 1986;Gerhard 1972;Vazquez 1965: 30, ,-99.637891,18.632343,https://en.wikipedia.org/wiki/16th_century
143,417,Santiago Temazcalapan, ,Temaxcalapa,1, ,Estancia,482,Depends on,417,0, ,,Acuña 1986;Atlas 2010, ,-99.687778,18.427222,https://en.wikipedia.org/wiki/16th_century
300,418,Santiago Texalpan, , ,2,Dissapeared. Located 3/4 of a league to the east of the cabecera.,Estancia,559,Depends on,418,0, ,01/01/1590 00:00:00,Acuña 1986;Gerhard 1972, ,-99.613532,18.546159,https://en.wikipedia.org/wiki/16th_century
231,420,Santiago Tlahuitlipan, ,Santiago,2,Location established according to the text of the RG's,Estancia,209,Depends on,420,0, ,,Acuña 1986;GeoNames_MX, ,-99.7762,18.726147,https://en.wikipedia.org/wiki/16th_century
302,421,Santiago Tlamalinala, , ,2,Located half league to the south of the cabecera. Dissapeared,Estancia,3,Depends on,421,0, ,,Acuña 1986;Vazquez 1965: 28, ,-99.56331,18.54768,https://en.wikipedia.org/wiki/16th_century
71,422,Santiago Tochimillco,Tuchimilco;Tochimilco,Santiago Tochimizolco,1, ,Sujeto,197,Depends on,422,0, ,,Acuña 1986;GeoNames_MX, ,-98.61056,18.8675,https://en.wikipedia.org/wiki/16th_century
74,423,Santiago Tolman, ,Tolman,1, ,Sujeto,327,Depends on,423,0, ,,Acuña 1986;Tanck de Estrada 2005: Atlas 1800, ,-98.78861111,19.72777778,https://en.wikipedia.org/wiki/16th_century
294,424,Santiago Tuzpatlan, , ,2,Located half a league to the south. Dissapeared,Estancia,32,Depends on,424,0, ,,Acuña 1986;Vazquez 1965: 28, ,-99.659121,18.494977,https://en.wikipedia.org/wiki/16th_century
132,425,Santiago Tzaqualucan, ,Zacualuca,1, ,Sujeto,472,Depends on,425,0, ,,Acuña 1986;Tanck de Estrada 2005: Atlas 1800, ,-98.92888889,19.69972222,https://en.wikipedia.org/wiki/16th_century
224,426,Santiago Tzontecoma Ixtlahuacan,Santiago Tzontecomaixtlahuacan,Ixtlahuaca,1, ,Estancia,480,Depends on,426,0, ,,Acuña 1986;GeoNames_MX, ,-99.79893,18.65018,https://en.wikipedia.org/wiki/16th_century
182,428,Santo Antonio Ecautla, ,Santo Antonio Cautla,1, , ,0, ,428,0, ,,Acuña 1986;Atlas 2010,https://www2.usgs.gov/science/records-matching.php?thcode=3&code=850,-98.553056,18.805,https://en.wikipedia.org/wiki/16th_century
200,432,Sierra Cachipuato,Cachipuato, ,1, ,Mountain Range,0, ,432,0, ,,Acuña 1986;Allocated by research,https://www2.usgs.gov/science/records-matching.php?thcode=3&code=708,-100.5467551,19.21306402,https://en.wikipedia.org/wiki/16th_century
206,433,Sierra de Guadalupe, , ,1, ,Mountain Range,0, ,433,0, ,,Acuña 1986;Google Maps,https://www2.usgs.gov/science/records-matching.php?thcode=3&code=708,-99.11539303,19.59194515,https://en.wikipedia.org/wiki/16th_century
13,435,Sierra Nevada de Toluca,Chicnagüitecatl;Sierra Nevada,Nevado de Toluca,1, ,Mountain Range,0, ,435,0, ,,Acuña 1986;Google Maps,https://www2.usgs.gov/science/records-matching.php?thcode=3&code=708,-99.76671266,19.10200606,https://en.wikipedia.org/wiki/16th_century
107,438,Suchicoatlan,Suchiquautla;Suchicoallan,Xochicoatlán,1, , ,0, ,438,0, ,,Acuña 1986;Tanck de Estrada 2005: Atlas 1800,https://www2.usgs.gov/science/records-matching.php?thcode=3&code=850,-98.67805556,20.77638889,https://en.wikipedia.org/wiki/16th_century
240,441,Maxtlecan,Maxtleca,Maxtleca de Galeana,1, ,Sujeto,483,Depends on,441,0, ,,Acuña 1986;GeoNames_MX, ,-99.555818,19.027224,https://en.wikipedia.org/wiki/16th_century
250,442,Nativitas, ,Santa María Nativitas,1, ,Sujeto,483,Depends on,442,0, ,,Acuña 1986;GeoNames_MX, ,-99.629547,19.212636,https://en.wikipedia.org/wiki/16th_century
289,443,Ixquipayaque,Ixquipayaq,San Cristobal Nexquipayac,2, ,Sujeto,491,Depends on,443,0, ,,Acuña 1986;Espinosa 1996;Tolstoy 1958, ,-98.931312,19.579972,https://en.wikipedia.org/wiki/16th_century
66,446,Taxco,Tlachco,Taxco El Viejo,1, ,Cabecera,0, ,446,0, ,,Acuña 1986;Tanck de Estrada 2005: Atlas 1800, ,-99.58444444,18.485,https://en.wikipedia.org/wiki/16th_century
0,447,Minas de Tasco,Tlachco;Tasco,Taxco,1, ,Mining Camp,0, ,447,0, ,,Acuña 1986;Google Maps;Google Earth;unikloc10gw,https://www2.usgs.gov/science/records-matching.php?thcode=3&code=685,-99.600478,18.559217,https://en.wikipedia.org/wiki/16th_century
8,449,Tasmalaca, ,Tlaxmalac,1, , ,0, ,449,0, ,,Acuña 1986;INEGI: MEX_topoloc,https://www2.usgs.gov/science/records-matching.php?thcode=3&code=850,-99.41546227,18.36075489,https://en.wikipedia.org/wiki/16th_century
243,450,Tecpintla, ,Telpintla,1, ,Sujeto,455,Depends on,450,0, ,,Acuña 1986;GeoNames_MX, ,-100.05028,19.06548,https://en.wikipedia.org/wiki/16th_century
24,452,Tehuacan, ,Tehuacan,1, , ,0, ,452,0, ,,Acuña 1986;Tanck de Estrada 2005: Atlas 1800,https://www2.usgs.gov/science/records-matching.php?thcode=3&code=850,-97.39194444,18.46111111,https://en.wikipedia.org/wiki/16th_century
39,454,Temazcalapa,San Francisco Temazcalapan,Temascalapa,1, ,Sujeto,472,Depends on,454,0, ,,Acuña 1986;Tanck de Estrada 2005: Atlas 1800, ,-98.90111111,19.82694444,https://en.wikipedia.org/wiki/16th_century
105,455,Temazcaltepec,Temazcaltepeque,Temascaltepec De Gonzalez,1, ,Cabecera,0, ,455,0, ,,Acuña 1986;INEGI: MEX_topoloc, ,-100.0452551,19.04545634,https://en.wikipedia.org/wiki/16th_century
89,456,Tempoal, ,Tempoal,1, , ,0, ,456,0, ,,Acuña 1986;Tanck de Estrada 2005: Atlas 1800,https://www2.usgs.gov/science/records-matching.php?thcode=3&code=850,-98.39222222,21.52,https://en.wikipedia.org/wiki/16th_century
308,457,San Simón Tenango, , ,2,Dissapeared. Located 1 league to the north from the cabecera.,Estancia,559,Depends on,457,0, ,01/01/1590 00:00:00,Acuña 1986;Gerhard 1972;Vazquez 1965: 30, ,-99.641907,18.583981,https://en.wikipedia.org/wiki/16th_century
248,458,Tenantongo, ,Tenantongo,1, ,Sujeto,455,Depends on,458,0, ,,Acuña 1986;GeoNames_MX, ,-100.05722,19.15861,https://en.wikipedia.org/wiki/16th_century
242,459,Tenayacaque, ,San Pedro Tenayac,1, ,Sujeto,455,Depends on,459,0, ,,Acuña 1986;GeoNames_MX, ,-100.176944,19.046667,https://en.wikipedia.org/wiki/16th_century
88,463,Tepeapulco, ,Tepeapulco,1, , ,0, ,463,0, ,,Acuña 1986;Google Maps;INEGI: MEX_topoloc,https://www2.usgs.gov/science/records-matching.php?thcode=3&code=850,-98.55250082,19.78528155,https://en.wikipedia.org/wiki/16th_century
61,465,Tepecuacuilco, ,Tepecoacuilco De Trujano,1, , ,0, ,465,0, ,,Acuña 1986;INEGI: MEX_topoloc,https://www2.usgs.gov/science/records-matching.php?thcode=3&code=850,-99.46492016,18.28674641,https://en.wikipedia.org/wiki/16th_century
75,467,Tepemaxalco, ,Tepemajalco,1, , ,0, ,467,0, ,,Acuña 1986;Google Maps,https://www2.usgs.gov/science/records-matching.php?thcode=3&code=850,-99.56954625,19.16137528,https://en.wikipedia.org/wiki/16th_century
47,470,Tepetlaoztoc, ,Tepetlaoxtoc,1, , ,0, ,470,0, ,,Acuña 1986;Tanck de Estrada 2005: Atlas 1800,https://www2.usgs.gov/science/records-matching.php?thcode=3&code=850,-98.82027778,19.57305556,https://en.wikipedia.org/wiki/16th_century
23,471,Tepexi, ,Tepeji Del Rio,1, , ,0, ,471,0, ,,Acuña 1986;Tanck de Estrada 2005: Atlas 1800,https://www2.usgs.gov/science/records-matching.php?thcode=3&code=850,-99.34138889,19.90388889,https://en.wikipedia.org/wiki/16th_century
44,472,Tepexpan,Tepexpa,Tepexpan,1, ,Cabecera,0, ,472,0, ,,Acuña 1986;INEGI: MEX_topoloc, ,-98.93633485,19.61576803,https://en.wikipedia.org/wiki/16th_century
120,475,Tepozotlan, ,Tepotzotlan,1, , ,0, ,475,0, ,,Acuña 1986;Tanck de Estrada 2005: Atlas 1800,https://www2.usgs.gov/science/records-matching.php?thcode=3&code=850,-99.22361111,19.71611111,https://en.wikipedia.org/wiki/16th_century
245,477,Tequachtepeque, ,Tehuastepec,1, ,Sujeto,455,Depends on,477,0, ,,Acuña 1986;GeoNames_MX, ,-100.06822,19.09049,https://en.wikipedia.org/wiki/16th_century
80,478,Tequixquiac, ,Tequixquiac,1, ,Cabecera,0, ,478,0, ,,Acuña 1986;Tanck de Estrada 2005: Atlas 1800, ,-99.14472222,19.90944444,https://en.wikipedia.org/wiki/16th_century
115,479,Tequizistlan, ,Tequisistlan,1, ,Cabecera,0, ,479,0, ,,Acuña 1986;Tanck de Estrada 2005: Atlas 1800, ,-98.93972222,19.59166667,https://en.wikipedia.org/wiki/16th_century
116,480,Teticpac, ,Tetipac,1, ,Cabecera,446,Depends on,480,0, ,,Acuña 1986;Tanck de Estrada 2005: Atlas 1800, ,-99.64833333,18.64861111,https://en.wikipedia.org/wiki/16th_century
142,482,Teuliztaca,Hueyiztaca;Teutliztaca,Huixtac,1, ,Cabecera,0, ,482,0, ,,Acuña 1986;Tanck de Estrada 2005: Atlas 1800, ,-99.65944444,18.46277778,https://en.wikipedia.org/wiki/16th_century
68,483,Teutenango,Tenango,Tenango,1, , ,0, ,483,0, ,,Acuña 1986;Google Maps;Tanck de Estrada 2005: Atlas 1800,https://www2.usgs.gov/science/records-matching.php?thcode=3&code=850,-99.59170416,19.1028426,https://en.wikipedia.org/wiki/16th_century
180,485,Texaltitlan,Cantarranas,Cantarranas,1, ,Barrio,447,Depends on,485,0,Real,,Acuña 1986;GeoNames_MX, ,-99.6,18.56667,https://en.wikipedia.org/wiki/16th_century
334,486,Texapan, ,Tejapan Limones,2, ,Sujeto,488,Depends on,486,0, ,30/12/1899 00:00:00,Acuña 1986;Pimentel 1897;unikloc10gw, ,-100.30287,18.828925,https://en.wikipedia.org/wiki/16th_century
96,487,Texcaltitlan, ,Texcaltitlan,1, ,Cabecera,0, ,487,0, ,,Acuña 1986;INEGI: MEX_topoloc, ,-99.93594338,18.92964338,https://en.wikipedia.org/wiki/16th_century
56,488,Texupilco, ,Tejupilco,1, ,Cabecera,0, ,488,0, ,,Acuña 1986;Tanck de Estrada 2005: Atlas 1800, ,-100.1527778,18.90583333,https://en.wikipedia.org/wiki/16th_century
19,489,Tezcapan, ,Atezcapan,1, ,Sujeto,455,Depends on,489,0, ,,Acuña 1986;Tanck de Estrada 2005: Atlas 1800, ,-100.185,19.16555556,https://en.wikipedia.org/wiki/16th_century
339,490,Tezcatepec, , ,2,Dissapeared, ,0, ,490,0, ,30/12/1899 00:00:00,Acuña 1986;GeoNames_MX,https://www2.usgs.gov/science/records-matching.php?thcode=3&code=850,-99.112998,20.010744,https://en.wikipedia.org/wiki/16th_century
174,491,Tezcoco,Tetzcoco;Texcoco,Texcoco,1, , ,0, ,491,0, ,,Acuña 1986;Tanck de Estrada 2005: Atlas 1800,https://www2.usgs.gov/science/records-matching.php?thcode=3&code=850,-98.88194444,19.50555556,https://en.wikipedia.org/wiki/16th_century
146,494,Tinbineo, ,Timbineo,1, ,Sujeto,523,Depends on,494,0, ,,Acuña 1986;Tanck de Estrada 2005: Atlas 1800, ,-100.4522222,19.40972222,https://en.wikipedia.org/wiki/16th_century
91,495,Tiquicheo, ,Tiquicheo,1, ,Sujeto,523,Depends on,495,0, ,,Acuña 1986;Tanck de Estrada 2005: Atlas 1800, ,-100.7372222,18.9,https://en.wikipedia.org/wiki/16th_century
86,497,Tizayuca, ,Tizayuca,1, , ,0, ,497,0, ,,Acuña 1986;Tanck de Estrada 2005: Atlas 1800,https://www2.usgs.gov/science/records-matching.php?thcode=3&code=850,-98.97916667,19.84166667,https://en.wikipedia.org/wiki/16th_century
134,498,Tlachahualco Santa Ana,Tlachyahualco;Santa Ana Tlachyahualco;Santa Ana Tlachahualco,Santa Ana Tlachihualpa,1, ,Sujeto,472,Depends on,498,0, ,,Acuña 1986;Google Maps;Google Earth;unikloc10gw, ,-98.91049,19.764758,https://en.wikipedia.org/wiki/16th_century
15,499,Tlachinolticpac,Tlanchinolticpac,Tlanchinol,1, , ,0, ,499,0, ,,Acuña 1986;GoogleMaps,https://www2.usgs.gov/science/records-matching.php?thcode=3&code=850,-98.66072691,20.98862585,https://en.wikipedia.org/wiki/16th_century
73,505,Tlamagazapan, ,Tlamacazapa,1, ,Cabecera,446,Depends on,505,0, ,,Acuña 1986;Tanck de Estrada 2005: Atlas 1800, ,-99.5,18.49527778,https://en.wikipedia.org/wiki/16th_century
328,506,Tlamimilolpan Santa María,Santa María Tlamimilolpa,Santa María I y II,2,According to the text is 1 league far from the cabecera,Barrio,74,Depends on,506,0, ,,Acuña 1986;Allocated by research, ,-99.0963,19.82343,https://en.wikipedia.org/wiki/16th_century
97,507,Tlanalapa,Tlallanapan,Tlanalapa,1, , ,0, ,507,0, ,,Acuña 1986;Tanck de Estrada 2005: Atlas 1800,https://www2.usgs.gov/science/records-matching.php?thcode=3&code=850,-98.60416667,19.81805556,https://en.wikipedia.org/wiki/16th_century
113,508,Tlapanaloya, ,Tlapanaloya,1, , ,0, ,508,0, ,,Acuña 1986;Tanck de Estrada 2005: Atlas 1800,https://www2.usgs.gov/science/records-matching.php?thcode=3&code=850,-99.09722222,19.93472222,https://en.wikipedia.org/wiki/16th_century
335,509,Tlapizaltepeque,Tlapitzaltepeque, ,2,Dissapeared,Sujeto,488,Depends on,509,0, ,30/12/1899 00:00:00,Acuña 1986;Pimentel 1897, ,-100.335523,18.959045,https://en.wikipedia.org/wiki/16th_century
9,510,Tlaquilpan,Tlaquilpa,Tlaquilpa,1, , ,0, ,510,0, ,,Acuña 1986;Tanck de Estrada 2005: Atlas 1800,https://www2.usgs.gov/science/records-matching.php?thcode=3&code=850,-98.75138889,19.94305556,https://en.wikipedia.org/wiki/16th_century
58,512,Tlaxcala, ,Tlaxcala,1, , ,0, ,512,0, ,,Acuña 1986;Google Maps;Tanck de Estrada 2005: Atlas 1800,https://www2.usgs.gov/science/records-matching.php?thcode=3&code=850,-98.23772243,19.31748594,https://en.wikipedia.org/wiki/16th_century
257,513,Tlaxincan San Juan,Tlaxico;Tlaxichco;San Juan Tlaxico;San Juan Tlaxincan,Hacienda Tlajinga,1, ,Sujeto,9,Depends on,513,0, ,,Acuña 1986;Gibson 1964, ,-98.85624,19.65979,https://en.wikipedia.org/wiki/16th_century
20,514,Tolquauhyucan,Tolquauhyuca,Tolcayuca,1, , ,0, ,514,0, ,,Acuña 1986;Tanck de Estrada 2005: Atlas 1800,https://www2.usgs.gov/science/records-matching.php?thcode=3&code=850,-98.92138889,19.95638889,https://en.wikipedia.org/wiki/16th_century
43,515,Tonatiuhco, ,Tonatico,1, , ,0, ,515,0, ,,Acuña 1986;Tanck de Estrada 2005: Atlas 1800,https://www2.usgs.gov/science/records-matching.php?thcode=3&code=850,-99.66972222,18.80111111,https://en.wikipedia.org/wiki/16th_century
128,517,Totoltzingo,S Miguel Totolcingo;San Miguel Totolcingo,Totolcingo,1, ,Sujeto,479,Depends on,,0, ,,Acuña 1986;Tanck de Estrada 2005: Atlas 1800, ,-98.96194444,19.61916667,https://en.wikipedia.org/wiki/16th_century
199,520,Río de Tula, , ,1, ,River,0, ,520,0, ,,Acuña 1986;Allocated by research,https://www2.usgs.gov/science/records-matching.php?thcode=3&code=960,-99.40019706,20.05139804,https://en.wikipedia.org/wiki/16th_century
175,521,Tulantzingo, ,Tulancingo,1, , ,0, ,521,0, ,,Acuña 1986;Tanck de Estrada 2005: Atlas 1800,https://www2.usgs.gov/science/records-matching.php?thcode=3&code=850,-98.36861111,20.08138889,https://en.wikipedia.org/wiki/16th_century
25,522,Tultitlan, ,Tultitlan,1, , ,0, ,522,0, ,,Acuña 1986;Tanck de Estrada 2005: Atlas 1800,https://www2.usgs.gov/science/records-matching.php?thcode=3&code=850,-99.16944444,19.645,https://en.wikipedia.org/wiki/16th_century
16,523,Tuzantla,Cusaro,Tuzantla,1, ,Cabecera,0, ,523,0, ,,Acuña 1986;Tanck de Estrada 2005: Atlas 1800, ,-100.5747222,19.20583333,https://en.wikipedia.org/wiki/16th_century
28,524,Tuzantlalpa, ,Tezontlalpa de Zapata,1, , ,0, ,524,0, ,,Acuña 1986;Google Maps;Google Earth;unikloc10gw,https://www2.usgs.gov/science/records-matching.php?thcode=3&code=850,-98.994801,20.021095,https://en.wikipedia.org/wiki/16th_century
64,525,Tzaqualtipan, ,Zacualtipan,1, ,Sujeto,175,Depends on,525,0, ,,Acuña 1986;Tanck de Estrada 2005: Atlas 1800, ,-98.65583333,20.64583333,https://en.wikipedia.org/wiki/16th_century
46,526,Tzicapuzalco, ,Ixcapuzalco,1, , ,0, ,526,0, ,,Acuña 1986;Google Maps;INEGI: MEX_topoloc,https://www2.usgs.gov/science/records-matching.php?thcode=3&code=850,-99.88730961,18.51254739,https://en.wikipedia.org/wiki/16th_century
100,528,Tzirapitzio, ,Tzitzio,1, ,Sujeto,523,Depends on,528,0, ,,Acuña 1986;Tanck de Estrada 2005: Atlas 1800, ,-100.9227778,19.585,https://en.wikipedia.org/wiki/16th_century
27,530,Tzitzicastla,Tzizicaztla,Chichicaxtla,1, , ,0, ,530,0, ,,Acuña 1986;Tanck de Estrada 2005: Atlas 1800,https://www2.usgs.gov/science/records-matching.php?thcode=3&code=850,-99.06527778,20.78805556,https://en.wikipedia.org/wiki/16th_century
237,531,Tzoncoztepeque,Oncoztepeque,San Andrés Ocotopec,1, ,Sujeto,455,Depends on,531,0, ,,Acuña 1986;GeoNames_MX, ,-100.04667,18.90361,https://en.wikipedia.org/wiki/16th_century
54,532,Tzumpahuacan, ,Zumpahuacán,1, , ,0, ,532,0, ,,Acuña 1986;Atlas 2010,https://www2.usgs.gov/science/records-matching.php?thcode=3&code=850,-99.585556,18.840833,https://en.wikipedia.org/wiki/16th_century
93,533,Atlixco,Villa del Carrión;Valle de Atlixco,Atlixco,1, , ,0, ,533,0, ,,Acuña 1986;Tanck de Estrada 2005: Atlas 1800,https://www2.usgs.gov/science/records-matching.php?thcode=3&code=850,-98.47333333,18.97722222,https://en.wikipedia.org/wiki/16th_century
205,534,Valle de Cacaloztoc,Cacaloztoc, ,1, ,Valley,180,Contains,534,0, ,,Acuña 1986;Allocated by research,https://www2.usgs.gov/science/records-matching.php?thcode=3&code=1197,-98.62811525,19.833317,https://en.wikipedia.org/wiki/16th_century
176,535,Valle de Ixtlahuacan,Ixtlahuacan, ,2, ,Valley,488,Contains,535,0, ,,Acuña 1986;Allocated by research,https://www2.usgs.gov/science/records-matching.php?thcode=3&code=1197,-100.1317743,18.86868446,https://en.wikipedia.org/wiki/16th_century
204,536,Valle de Izquitepeque,Izquitepeque, ,1, ,Valley,455,Contains,536,0, ,,Acuña 1986;Allocated by research,https://www2.usgs.gov/science/records-matching.php?thcode=3&code=1197,-100.0417139,19.04489478,https://en.wikipedia.org/wiki/16th_century
202,537,Valle de Matlatzingo,Valle de Matalcingo;Matlatzingo;Matalcingo, ,1, ,Valley,483,Contains,537,0, ,,Acuña 1986;Allocated by research,https://www2.usgs.gov/science/records-matching.php?thcode=3&code=1197,-99.57096657,19.11783997,https://en.wikipedia.org/wiki/16th_century
203,538,Valle de Tetzontepeque,Tetzontepeque, ,1, ,Valley,487,Contains,538,0, ,,Acuña 1986;Allocated by research,https://www2.usgs.gov/science/records-matching.php?thcode=3&code=1197,-99.93281059,18.92508633,https://en.wikipedia.org/wiki/16th_century
10,544,Xilotzingo, ,Jilotzingo,1, ,Cabecera,0, ,544,0, ,,Acuña 1986;INEGI: MEX_topoloc, ,-99.0568074,19.87092683,https://en.wikipedia.org/wiki/16th_century
319,545,Xiuhtepeque, ,Yuytepec,2, ,Sujeto,487,Depends on,545,0, ,,Acuña 1986;GeoNames_MX, ,-99.9632,18.91315,https://en.wikipedia.org/wiki/16th_century
238,547,Xumiltepeque, ,Jumiltepec,1, ,Sujeto,455,Depends on,547,0, ,,Acuña 1986;Unikloc10gw, ,-100.185278,18.928889,https://en.wikipedia.org/wiki/16th_century
244,549,Zacacontepeque, ,Zacazonapan,1, ,Sujeto,455,Depends on,549,0, ,,Acuña 1986;Arroyo 1999, ,-100.253758,19.073467,https://en.wikipedia.org/wiki/16th_century
179,551,Zapotlan, ,Zapotlán de Juárez,1, , ,0, ,551,0, ,,Acuña 1986;Atlas 2010,https://www2.usgs.gov/science/records-matching.php?thcode=3&code=850,-98.861667,19.973889,https://en.wikipedia.org/wiki/16th_century
30,554,Zinzonza, ,Tzintzuntzan,1, , ,0, ,554,0, ,,Acuña 1986;Carrillo Cazares 1996,https://www2.usgs.gov/science/records-matching.php?thcode=3&code=850,-101.573402,19.62326,https://en.wikipedia.org/wiki/16th_century
104,555,Zumpango, ,Zumpango,1, , ,0, ,555,0, ,,Acuña 1986;Tanck de Estrada 2005: Atlas 1800,https://www2.usgs.gov/science/records-matching.php?thcode=3&code=850,-99.09916667,19.79694444,https://en.wikipedia.org/wiki/16th_century
1,556,Tecalpulco,Los Reyes,Tecalpulco,1, ,Estancia,446,Depends on,556,0, ,,Acuña 1986;Tanck de Estrada 2005: Atlas 1800, ,-99.6025,18.48833333,https://en.wikipedia.org/wiki/16th_century
261,558,Santa María Coatlan, ,Ejido de Santa María Coatlán,1, ,Sujeto,327,Depends on,558,0, ,,Acuña 1986;Gibson 1964, ,-98.828228,19.677285,https://en.wikipedia.org/wiki/16th_century
123,559,Tenango, ,Cacalotenango,1, ,Cabecera,446,Depends on,559,0, ,,Acuña 1986;Tanck de Estrada 2005: Atlas 1800, ,-99.64361111,18.54555556,https://en.wikipedia.org/wiki/16th_century
299,560,San Martín Teteltitlan, , ,2,Dissapeared. Located half league to the south of the cabecera.,Estancia,559,Depends on,560,0, ,01/01/1590 00:00:00,Acuña 1986;Gerhard 1972, ,-99.63389,18.53097,https://en.wikipedia.org/wiki/16th_century
332,561,Quauhtocayan, , ,2,It'ss where Santiago Quauhtocayan is supposed to be located (location aprox.),Hill,559, ,561,0, ,,Acuña 1986;Vazquez 1965: 29,https://www2.usgs.gov/science/records-matching.php?thcode=3&code=710,-99.64325,18.63291,https://en.wikipedia.org/wiki/16th_century
252,562,Chila, ,Chila,1, ,Sujeto,455,Depends on,562,0, ,,Acuña 1986;GeoNames_MX, ,-100.19337,19.26758,https://en.wikipedia.org/wiki/16th_century
327,564,San Jerónimo Chiapa,San Jerónimo Chiapan, ,2,Dissapeared,Sujeto,472,Depends on,564,0, ,,Acuña 1986;Sanders and Evans 2001, ,-98.891,19.79344,https://en.wikipedia.org/wiki/16th_century
282,565,Santa María Chiapa,Santa María Chiapan,El Chopo,1, ,Sujeto,9,Depends on,565,0, ,,Acuña 1986;Gibson 1964, ,-98.909815,19.841392,https://en.wikipedia.org/wiki/16th_century
152,566,Mallila, ,Malila,1, , ,0, ,566,0, ,,Acuña 1986;Tanck de Estrada 2005: Atlas 1800,https://www2.usgs.gov/science/records-matching.php?thcode=3&code=850,-98.71444444,20.73472222,https://en.wikipedia.org/wiki/16th_century
161,567,San Mateo Tochatlauhco,San Mateo Tuchatlauhco,Ixtlahhuaca de Cuauhtémoc,2, ,Sujeto,9,Depends on,567,0, ,,Acuña 1986;Google Maps;Google Earth, ,-98.861786,19.883546,https://en.wikipedia.org/wiki/16th_century
266,568,San Martín Teacal, ,San Martín de las Pirámides,1, ,Sujeto,327,Depends on,568,0, ,,Acuña 1986;Sanders 2001, ,-98.83554,19.70582,https://en.wikipedia.org/wiki/16th_century
330,569,San Mateo Tenango, ,Barrio San Mateo,2, ,Sujeto,327,Depends on,569,0, ,,Acuña 1986;Allocated by research, ,-98.736637,19.860803,https://en.wikipedia.org/wiki/16th_century
283,570,Los Reyes Aticpac, ,Santa María Aticpac,1, ,Sujeto,327,Depends on,570,0, ,,Acuña 1986;Gibson 1964, ,-98.743685,19.853408,https://en.wikipedia.org/wiki/16th_century
164,571,Apan,Asunción de Nuestra Señora Apan,Apan,1, ,Sujeto,463,Depends on,571,0, ,,Acuña 1986;Tanck de Estrada 2005: Atlas 1800, ,-98.44972222,19.71,https://en.wikipedia.org/wiki/16th_century
281,572,San Pedro, ,Ex Hacienda San Pedro Tochatlaco,2, ,Sujeto,463,Depends on,572,0, ,,Acuña 1986;GeoNames_MX, ,-87.621389,19.833056,https://en.wikipedia.org/wiki/16th_century
268,573,San Andrés, ,San Andrés,2, ,Sujeto,463,Depends on,573,0, ,,Acuña 1986;GeoNames_MX, ,-98.423889,19.724167,https://en.wikipedia.org/wiki/16th_century
173,575,Tula,Tulla,Tula,1, , ,0, ,575,0, ,,Acuña 1986;Tanck de Estrada 2005: Atlas 1800,https://www2.usgs.gov/science/records-matching.php?thcode=3&code=850,-99.34166667,20.05416667,https://en.wikipedia.org/wiki/16th_century
178,581,Quauhquilpan, ,Huaquilpa,1, , ,0, ,581,0, ,,Acuña 1986;Tanck de Estrada 2005: Atlas 1800,https://www2.usgs.gov/science/records-matching.php?thcode=3&code=850,-98.86305556,19.97777778,https://en.wikipedia.org/wiki/16th_century
218,583,Tenango, ,Cacalotenango,1, ,Barrio,447,Depends on,583,0, ,,Acuña 1986;GeoNames_MX, ,-99.64368,18.547003,https://en.wikipedia.org/wiki/16th_century
345,584,España, ,San Lorenzo del Escorial,1, , ,0, ,584,0, ,30/12/1899 00:00:00, , ,-4.148009986,40.58901942, 
234,585,Nepopoalco,Atotonilco,Tetela del Volcán,1,"Whas adjacent to Tetela del Volcán, eventually became a barrio of this town.",Cabecera,323,Near,585,0, ,,Acuña 1986;Gerhard 1972, ,-98.72993,18.88926,https://en.wikipedia.org/wiki/16th_century
, ,,,,,,,,,,,,,,,,,
