FID,My_FID10,Placename,Alt_names,ModernName,Confidence,Notes,Type,FID_Relate,Relation,,References,Type_URL,X,Y,Time_span
109,1,Colima, ,Colima,1, ,Mountain Range,0, ,,Acuña 1988;Google Maps;Tanck de Estrada 2005: Atlas 1800,https://www2.usgs.gov/science/records-matching.php?thcode=3&code=850,-99.65722013,19.2915179,https://en.wikipedia.org/wiki/16th_century
139,2,San Juan, ,San Juan De Los Lagos,1, ,Mountain Range,0, ,,Acuña 1988;Tanck de Estrada 2005: Atlas 1800,https://www2.usgs.gov/science/records-matching.php?thcode=3&code=850,-103.0194444,19.91555556,https://en.wikipedia.org/wiki/16th_century
57,3,Acatique, ,Acatic,1, , ,0, ,,Acuña 1988;Atlas 2010,https://www2.usgs.gov/science/records-matching.php?thcode=3&code=850,-101.348056,20.672778,https://en.wikipedia.org/wiki/16th_century
52,4,Acatlan, ,Acatlan,1, ,Pueblo,0, ,,Acuña 1988;Tanck de Estrada 2005: Atlas 1800, ,-104.1841667,19.46916667,https://en.wikipedia.org/wiki/16th_century
95,5,Melagua,Melaque;Jala;Xala,San Patricio (Melaque),1, , ,0, ,,Acuña 1988;Atlas 2010,https://www2.usgs.gov/science/records-matching.php?thcode=3&code=850,-102.178056,18.006111,https://en.wikipedia.org/wiki/16th_century
12,6,Aguacatlan,Avacatlan, ,2, , ,0, ,,Acuña 1988;Tanck de Estrada 2005: Atlas 1800,https://www2.usgs.gov/science/records-matching.php?thcode=3&code=685,-99.21861111,20.48222222,https://en.wikipedia.org/wiki/16th_century
96,7,Otlatlan,Ahuatlan,Ahuatlan,1, , ,0, ,,Acuña 1988;Tanck de Estrada 2005: Atlas 1800, ,-104.315,19.49694444,https://en.wikipedia.org/wiki/16th_century
70,8,Amacueca, ,Amacueca,1, , ,0, ,,Acuña 1988;INEGI: MEX_topoloc,https://www2.usgs.gov/science/records-matching.php?thcode=3&code=850,-103.4668556,19.70250306,https://en.wikipedia.org/wiki/16th_century
69,9,Amatitan, ,Amatitan,1, , ,0, ,,Acuña 1988;Tanck de Estrada 2005: Atlas 1800, ,-103.9141667,19.60166667,https://en.wikipedia.org/wiki/16th_century
64,10,Ameca, ,Ameca,1, , ,0, ,,Acuña 1988;Tanck de Estrada 2005: Atlas 1800,https://www2.usgs.gov/science/records-matching.php?thcode=3&code=850,-103.8222222,20.36527778,https://en.wikipedia.org/wiki/16th_century
130,11,Toledo, ,Toledo,1, ,Mountain Range,0, ,,Acuña 1988;Google Maps;Google Earth;unikloc10gw,https://www2.usgs.gov/science/records-matching.php?thcode=3&code=685,-101.150546,23.140713,https://en.wikipedia.org/wiki/16th_century
66,12,Apango, ,Apango,1, ,Sujeto,81,Depends on,,Acuña 1988;Tanck de Estrada 2005: Atlas 1800,https://www2.usgs.gov/science/records-matching.php?thcode=3&code=850,-103.1891667,20.29,https://en.wikipedia.org/wiki/16th_century
78,13,Apulco, ,Apozol,1, ,Sujeto,173,Depends on,,Acuña 1988;Sauer 1990: 46-47,https://www2.usgs.gov/science/records-matching.php?thcode=3&code=850,-104.5906935,19.64389117,https://en.wikipedia.org/wiki/16th_century
147,14,Xuchipila, , ,2, ,Mountain Range,0, ,,Acuña 1988;Tanck de Estrada 2005: Atlas 1800, ,-104.3444444,20.12888889,https://en.wikipedia.org/wiki/16th_century
3,16,Ayotitlan, ,Ayotitlan,1, ,Cabecera,81,Depends on,,Acuña 1988;Google Maps;INEGI: MEX_topoloc,https://www2.usgs.gov/science/records-matching.php?thcode=3&code=850,-98.30177941,19.05826814,https://en.wikipedia.org/wiki/16th_century
63,16,Ayotitlan,Ayutitlan,Ayotitlán,1, ,Cabecera,0, ,,Acuña 1988;Tanck de Estrada 2005: Atlas 1800,https://www2.usgs.gov/science/records-matching.php?thcode=3&code=850,-104.8744444,19.79222222,https://en.wikipedia.org/wiki/16th_century
13,17,Ayutla, ,Ayutla,1, ,Cabecera,0, ,,Acuña 1988;Tanck de Estrada 2005: Atlas 1800,https://www2.usgs.gov/science/records-matching.php?thcode=3&code=685,-98.0525,20.17472222,https://en.wikipedia.org/wiki/16th_century
143,21,Boca de los Leones,Mal Paso, ,2, ,Mountain Range,0, ,,Acuña 1988;Tanck de Estrada 2005: Atlas 1800, ,-104.1641667,20.2175,https://en.wikipedia.org/wiki/16th_century
85,26,Cuezaltototl, , ,2, ,Hill,0, ,,Acuña 1988;Atlas 2010, ,-104.244722,23.848056,https://en.wikipedia.org/wiki/16th_century
116,27,Tecuantepeque, , ,2, ,Hill,0, ,,Acuña 1988;Atlas 2010,https://www2.usgs.gov/science/records-matching.php?thcode=3&code=850,-98.197222,19.043889,https://en.wikipedia.org/wiki/16th_century
117,28,Toloho, , ,2, ,Hill,0, ,,Acuña 1988;Tanck de Estrada 2005: Atlas 1800, ,-104.2836111,19.32611111,https://en.wikipedia.org/wiki/16th_century
115,29,Xiuhtepeque, , ,2, ,Hill,0, ,,Acuña 1988;Atlas 2010,https://www2.usgs.gov/science/records-matching.php?thcode=3&code=850,-103.342222,20.676389,https://en.wikipedia.org/wiki/16th_century
118,32,Cerro de Proaño, , ,2, ,Hill,0, ,,Acuña 1988;INEGI: MEX_topoloc,https://www2.usgs.gov/science/records-matching.php?thcode=3&code=850,-103.2492572,19.68114078,https://en.wikipedia.org/wiki/16th_century
120,34,Cerro del Pozo Airón, , ,2, ,Hill,0, ,,Acuña 1988;Allocated by research,https://www2.usgs.gov/science/records-matching.php?thcode=3&code=960,-103.3061707,21.80733193,https://en.wikipedia.org/wiki/16th_century
127,35,Tuychi,Toix, ,1, ,Hill,0, ,,Acuña 1988;INEGI: MEX_topoloc, ,-103.8124957,19.54916868,https://en.wikipedia.org/wiki/16th_century
122,37,Cerro Papanton, , ,1, ,Hill,0, ,,Acuña 1988;Tanck de Estrada 2005: Atlas 1800, ,-104.2805556,20.30166667,https://en.wikipedia.org/wiki/16th_century
125,38,Cerro Tascappoyaceo, , ,1, ,Hill,0, ,,Acuña 1988;Tanck de Estrada 2005: Atlas 1800, ,-103.9119444,19.57583333,https://en.wikipedia.org/wiki/16th_century
20,39,Chacala, ,Chacala,1, ,Sujeto,81,Depends on,,Acuña 1988;Tanck de Estrada 2005: Atlas 1800, ,-103.9711111,19.78583333,https://en.wikipedia.org/wiki/16th_century
11,41,Chapala, ,Chapala,1, , ,0, ,,Acuña 1988;Toponimos250k,https://www2.usgs.gov/science/records-matching.php?thcode=3&code=485,-104.7023456,19.18100695,https://en.wikipedia.org/wiki/16th_century
14,43,Cholula, ,Cholula De Rivadabia,1, , ,0, ,,Acuña 1988;Tanck de Estrada 2005: Atlas 1800,https://www2.usgs.gov/science/records-matching.php?thcode=3&code=850,-104.1625,19.90555555,https://en.wikipedia.org/wiki/16th_century
111,45,Minas de Zacatecas, ,Cerro del Grillo,1, ,Mining Camp,0, ,,Acuña 1988;Tanck de Estrada 2005: Atlas 1800,https://www2.usgs.gov/science/records-matching.php?thcode=3&code=850,-102.709722,20.294444,https://en.wikipedia.org/wiki/16th_century
144,46,Zacatecas, ,Zacatecas,1, ,Pueblo,0, ,,Acuña 1988;Tanck de Estrada 2005: Atlas 1800,https://www2.usgs.gov/science/records-matching.php?thcode=3&code=850,-99.1025,19.2625,https://en.wikipedia.org/wiki/16th_century
59,47,Ciudad de Compostela,Compostela;Caquetlan,Compostela,1, ,City,0, ,,Acuña 1988;Tanck de Estrada 2005: Atlas 1800,https://www2.usgs.gov/science/records-matching.php?thcode=3&code=850,-103.2411111,20.62361111,https://en.wikipedia.org/wiki/16th_century
65,48,Ciudad México, ,Tenochtitlan,1, , ,0, ,,Acuña 1988;Tanck de Estrada 2005: Atlas 1800, ,-103.7708333,19.60972222,https://en.wikipedia.org/wiki/16th_century
9,53,Cocula, ,Cocula,1, , ,0, ,,Acuña 1988;Tanck de Estrada 2005: Atlas 1800, ,-104.185,19.99722222,https://en.wikipedia.org/wiki/16th_century
40,54,Contla, ,Contla,1, , ,0, ,,Acuña 1988;Toponimos50k,https://www2.usgs.gov/science/records-matching.php?thcode=3&code=1197,-103.9839719,24.00282083,https://en.wikipedia.org/wiki/16th_century
33,57,Copala, ,Copala,1, ,Sujeto,363,Depends on,,Acuña 1988;Tanck de Estrada 2005: Atlas 1800,https://www2.usgs.gov/science/records-matching.php?thcode=3&code=850,-102.7611111,20.81666667,https://en.wikipedia.org/wiki/16th_century
114,58,Sierra de los Órganos, ,Sierra de los Organos,1, ,Mountain Range,0, ,,Acuña 1988;Tanck de Estrada 2005: Atlas 1800,https://www2.usgs.gov/science/records-matching.php?thcode=3&code=850,-102.9277778,20.38111111,https://en.wikipedia.org/wiki/16th_century
93,59,Pampuchin,Panpuchin, ,2,Estancia, ,0, ,,Acuña 1988;http://dx.doi.org/10.15446/historelo.v9n17.53481,https://www2.usgs.gov/science/records-matching.php?thcode=3&code=850,-104.8592236,19.69015412,https://en.wikipedia.org/wiki/16th_century
141,60,Piloto, ,Piloto,1, , ,0, ,,Acuña 1988;Tanck de Estrada 2005: Atlas 1800, ,-103.3036111,21.78166667,https://en.wikipedia.org/wiki/16th_century
92,68,Opono, , ,2,Pueblo, ,0, ,,Acuña 1988;Tanck de Estrada 2005: Atlas 1800,https://www2.usgs.gov/science/records-matching.php?thcode=3&code=850,-103.0441667,21.00805555,https://en.wikipedia.org/wiki/16th_century
74,71,Cuacoman, ,Coalcoman,1, ,Pueblo,0, ,,Acuña 1988;Tanck de Estrada 2005: Atlas 1800, ,-103.7761111,19.77888889,https://en.wikipedia.org/wiki/16th_century
88,78,Cuiseo del Río,Coatlan;Cuiseo,Cuitzeo,1, , ,0, ,,Acuña 1988;INEGI: MEX_topoloc, ,-103.9852451,19.6973282,https://en.wikipedia.org/wiki/16th_century
98,80,Zapotlan,Otithonitahui,Zapotlan del Rey,1, , ,0, ,,Acuña 1988;Tanck de Estrada 2005: Atlas 1800, ,-104.0488889,20.20277778,https://en.wikipedia.org/wiki/16th_century
6,81,Cusalapa,Cuezalapa,Cuzalapa,1, ,Cabecera,0, ,,Acuña 1988;Atlas 2010,https://www2.usgs.gov/science/records-matching.php?thcode=3&code=850,-107.393611,24.808611,https://en.wikipedia.org/wiki/16th_century
84,83,Atotonilco, ,Atotonilquillo,1, ,Sujeto,113,Depends on,,Acuña 1988;Google Maps;Tanck de Estrada 2005: Atlas 1800,https://www2.usgs.gov/science/records-matching.php?thcode=3&code=850,-98.23772243,19.31748594,https://en.wikipedia.org/wiki/16th_century
29,87,Exutla, ,Ejutla,1, , ,0, ,,Acuña 1988;Tanck de Estrada 2005: Atlas 1800,https://www2.usgs.gov/science/records-matching.php?thcode=3&code=850,-99.4725,21.21666667,https://en.wikipedia.org/wiki/16th_century
149,91,Aguascalientes,Fuerte de Aguascalientes,Aguascalientes,1, ,Fortress,0, ,,Acuña 1988;Tanck de Estrada 2005: Atlas 1800,https://www2.usgs.gov/science/records-matching.php?thcode=3&code=685,-99.52638889,17.65194444,https://en.wikipedia.org/wiki/16th_century
21,93,Guadalajara, ,Guadalajara,1, , ,0, ,,Acuña 1988;Tanck de Estrada 2005: Atlas 1800, ,-103.8105556,19.47777778,https://en.wikipedia.org/wiki/16th_century
89,94,Guadiana,Villa de  Durango,Durango,1, ,Villa,0, ,,Acuña 1988;Tanck de Estrada 2005: Atlas 1800,https://www2.usgs.gov/science/records-matching.php?thcode=3&code=850,-103.1175,21.41027778,https://en.wikipedia.org/wiki/16th_century
61,95,Guajocingo,Huexotzinco,Huejotzingo,1, , ,0, ,,Acuña 1988;INEGI: MEX_topoloc,https://www2.usgs.gov/science/records-matching.php?thcode=3&code=850,-103.0905556,20.99416667,https://en.wikipedia.org/wiki/16th_century
135,97,Huexotitlan, ,Huejotitlan,1, , ,0, ,,Acuña 1988;Tanck de Estrada 2005: Atlas 1800, ,-103.7686111,19.74666667,https://en.wikipedia.org/wiki/16th_century
67,99,Ihuatzio, ,Ihuatzio,1, , ,0, ,,Acuña 1988;Tanck de Estrada 2005: Atlas 1800,https://www2.usgs.gov/science/records-matching.php?thcode=3&code=850,-103.5911111,20.42055556,https://en.wikipedia.org/wiki/16th_century
121,102,Minas San Martín,Villa de San Martín;Mina la Veta Llana,Mina San Martín,1, ,Mining Camp,0, ,,Acuña 1988;Toponimos50k,https://www2.usgs.gov/science/records-matching.php?thcode=3&code=850,-99.75800111,19.73830138,https://en.wikipedia.org/wiki/16th_century
151,103,Iquajocho,Toquajocho, ,2, ,Region,0, ,,Acuña 1988;Tanck de Estrada 2005: Atlas 1800,https://www2.usgs.gov/science/records-matching.php?thcode=3&code=850,-98.38194444,20.94888889,https://en.wikipedia.org/wiki/16th_century
2,104,Irapuato, ,Irapuato,1, , ,0, ,,Acuña 1988;Google Maps,https://www2.usgs.gov/science/records-matching.php?thcode=3&code=850,-103.2805087,20.66154763,https://en.wikipedia.org/wiki/16th_century
103,106,Chipre, ,Chipre,1, ,Island,0, ,,Acuña 1988;Google Maps,https://www2.usgs.gov/science/records-matching.php?thcode=3&code=1197,-105.2515391,20.83287954,https://en.wikipedia.org/wiki/16th_century
75,107,Isla de Santo Domingo, ,República Dominicana/Haiti,1, ,Island,0, ,,Acuña 1988;Tanck de Estrada 2005: Atlas 1800,https://www2.usgs.gov/science/records-matching.php?thcode=3&code=850,-102.9094444,20.77916667,https://en.wikipedia.org/wiki/16th_century
152,109,Islas Marías, ,Islas Marías,1, ,Island,0, ,,Acuña 1988;Tanck de Estrada 2005: Atlas 1800, ,-104.3305556,20.18611111,https://en.wikipedia.org/wiki/16th_century
76,110,Islas Molucas, ,Ambon,1, , ,0, ,,Acuña 1988;Atlas 2010,https://www2.usgs.gov/science/records-matching.php?thcode=3&code=202,-104.900556,21.2375,https://en.wikipedia.org/wiki/16th_century
110,111,Tehuantepeque, ,Santo Domingo Tehuantepec,1, ,Isthmus,0, ,,Acuña 1988;Tanck de Estrada 2005: Atlas 1800, ,-104.0975,20.08333333,https://en.wikipedia.org/wiki/16th_century
34,113,Ixtlahuacan, ,Ixtlahuacan,1, ,Cabecera,0, ,,Acuña 1988;Tanck de Estrada 2005: Atlas 1800,https://www2.usgs.gov/science/records-matching.php?thcode=3&code=850,-98.40611111,19.16,https://en.wikipedia.org/wiki/16th_century
153,114,Iztapan, ,Ixtapa de la Concepción,1, , ,0, ,,Acuña 1988;Tanck de Estrada 2005: Atlas 1800, ,-103.825,19.45527778,https://en.wikipedia.org/wiki/16th_century
154,115,Iztlan, ,Ixtlan,1, , ,0, ,,Acuña 1988;Tanck de Estrada 2005: Atlas 1800, ,-103.9436111,20.21944444,https://en.wikipedia.org/wiki/16th_century
150,117,Jayamitla, ,Jayamitla (Colmenar),1, ,Sujeto,10,Depends on,,Acuña 1988;INEGI: MEX_topoloc,https://www2.usgs.gov/science/records-matching.php?thcode=3&code=850,-104.0476406,20.5478536,https://en.wikipedia.org/wiki/16th_century
155,118,Jicotlan, ,Jicotan Nuevo,2, , ,0, ,,Acuña 1988;Google Maps;Tanck de Estrada 2005: Atlas 1800,https://www2.usgs.gov/science/records-matching.php?thcode=3&code=850,-99.1313711,19.43492025,https://en.wikipedia.org/wiki/16th_century
31,119,Juchimilco,Xochimilco;Suchimilco,Xochimilco,1, , ,0, ,,Acuña 1988;Tanck de Estrada 2005: Atlas 1800, ,-103.7108333,19.78138889,https://en.wikipedia.org/wiki/16th_century
49,120,Juchipila,Xuchipila,Juchipila,1, , ,0, ,,Acuña 1988;Tanck de Estrada 2005: Atlas 1800,https://www2.usgs.gov/science/records-matching.php?thcode=3&code=850,-101.6172222,19.56555556,https://en.wikipedia.org/wiki/16th_century
104,132,Mar del Sur,Océano Pacífico, ,2, ,Sea,0, ,,Acuña 1988;Atlas 2010,https://www2.usgs.gov/science/records-matching.php?thcode=3&code=685,-101.253611,21.015833,https://en.wikipedia.org/wiki/16th_century
105,133,Mar Océano, , ,2, ,Sea,0, ,,Acuña 1988;Tanck de Estrada 2005: Atlas 1800,https://www2.usgs.gov/science/records-matching.php?thcode=3&code=850,-103.7275,20.83333333,https://en.wikipedia.org/wiki/16th_century
1,134,Mazamitla, ,Mazamitla,1, , ,0, ,,Acuña 1988;Tanck de Estrada 2005: Atlas 1800,https://www2.usgs.gov/science/records-matching.php?thcode=3&code=850,-103.6,20.01027778,https://en.wikipedia.org/wiki/16th_century
62,135,Mazatlan, ,Mazatan,1, ,Sujeto,363,Depends on,,Acuña 1988;Tanck de Estrada 2005: Atlas 1800,https://www2.usgs.gov/science/records-matching.php?thcode=3&code=850,-103.0175,20.33555555,https://en.wikipedia.org/wiki/16th_century
140,136,Mechuacanejo, ,Mechoacanejo,1, , ,0, ,,Acuña 1988;Atlas 2010, ,-104.605,19.719167,https://en.wikipedia.org/wiki/16th_century
38,137,Melagua,Melaque, ,2, , ,0, ,,Acuña 1988;Tanck de Estrada 2005: Atlas 1800,https://www2.usgs.gov/science/records-matching.php?thcode=3&code=850,-102.7716667,20.35083333,https://en.wikipedia.org/wiki/16th_century
94,138,Mazatlan, ,Mazatan,1, ,Sujeto,0, ,,Acuña 1988;Tanck de Estrada 2005: Atlas 1800,https://www2.usgs.gov/science/records-matching.php?thcode=3&code=850,-103.16,18.77694444,https://en.wikipedia.org/wiki/16th_century
71,139,Mexcala, ,Mezcala,1, , ,0, ,,Acuña 1988;Google Maps,https://www2.usgs.gov/science/records-matching.php?thcode=3&code=575,-71.03738513,19.01809264,https://en.wikipedia.org/wiki/16th_century
138,140,Mezcatique, ,Mezquitic,1, , ,0, ,,Acuña 1988;Google Maps,https://www2.usgs.gov/science/records-matching.php?thcode=3&code=850,128.1846903,-3.696798059,https://en.wikipedia.org/wiki/16th_century
156,143,Mina La Descubridora,Descubridora,Cerro Gordo,2, ,Mining Camp,0, ,,Acuña 1988;Google Maps,https://www2.usgs.gov/science/records-matching.php?thcode=3&code=850,-102.5761979,21.43696178,https://en.wikipedia.org/wiki/16th_century
158,145,Amaxaque,Minas de Ingenios de Metales,El Limoncito,2, ,MIning Camp,0, ,,Acuña 1988;Tanck de Estrada 2005: Atlas 1800, ,-103.0891667,21.46944444,https://en.wikipedia.org/wiki/16th_century
159,147,Chimaltitlan,Minas de Chimaltitlan,Chimaltitlan,2, ,Mining Camp,0, ,,Acuña 1988;Tanck de Estrada 2005: Atlas 1800, ,-102.8455556,21.36055556,https://en.wikipedia.org/wiki/16th_century
161,148,Minas de Coneto,Coneto,Coneto,1, ,Mining Camp,0, ,,Acuña 1988;Atlas 2010, ,-102.6575,21.501944,https://en.wikipedia.org/wiki/16th_century
16,149,Guachinango, ,Huauchinango,1, ,Mining Camp,0, ,,Acuña 1988;Atlas 2010, ,-102.763333,21.337778,https://en.wikipedia.org/wiki/16th_century
68,150,Guanaxuato, ,Guanajuato,1, ,Mining Camp,0, ,,Acuña 1988;Tanck de Estrada 2005: Atlas 1800, ,-104.2375,20.27472222,https://en.wikipedia.org/wiki/16th_century
157,151,Minas de Guaxacatlan,Guaxacatlan,Juanacatlán,1, ,Mining Camp,0, ,,Acuña 1988;Atlas 2010,https://www2.usgs.gov/science/records-matching.php?thcode=3&code=850,-102.995278,20.391389,https://en.wikipedia.org/wiki/16th_century
160,153,Izatlan, ,Etzatlan,1, ,Mining Camp,0, ,,Acuña 1988;Atlas 2010, ,-103.115,20.391389,https://en.wikipedia.org/wiki/16th_century
5,154,Izmiquilpa, ,Ixmiquilpan,1, ,Mining Camp,0, ,,Acuña 1988;Allocated by research,https://www2.usgs.gov/science/records-matching.php?thcode=3&code=710,-104.315317,19.48213462,https://en.wikipedia.org/wiki/16th_century
10,155,Minas de Las Charcas, ,Charcas,1, ,Mining Camp,0, ,,Acuña 1988;Atlas 2010, ,-104.356944,19.449722,https://en.wikipedia.org/wiki/16th_century
163,157,Minas de Mazapil,Mazapil,Mazapil,1, ,Mining Camp,0, ,,Acuña 1988;Allocated by research,https://www2.usgs.gov/science/records-matching.php?thcode=3&code=710,-104.3606518,19.45919986,https://en.wikipedia.org/wiki/16th_century
162,158,Minas de San Demetrio, ,Plateros,2, ,Mining Camp,0, ,,Acuña 1988;Tanck de Estrada 2005: Atlas 1800,https://www2.usgs.gov/science/records-matching.php?thcode=3&code=850,-102.7847222,20.34416667,https://en.wikipedia.org/wiki/16th_century
146,161,Tepeque, , ,2, ,Mountain Range,0, ,,Acuña 1988;Google Maps, ,-104.6702958,24.02406035,https://en.wikipedia.org/wiki/16th_century
47,163,Minas De Zumpango, ,Zumpango Del Rio,1, ,Mining Camp,0, ,,Acuña 1988;Toponimos50k, ,-103.9629942,19.81793083,https://en.wikipedia.org/wiki/16th_century
113,168,Sombrerete,Villa de Llerena;Minas del Sombrerete,Sombrerete,1, ,Mining Camp,0, ,,Acuña 1988;Tanck de Estrada 2005: Atlas 1800, ,-103.5236111,19.96583333,https://en.wikipedia.org/wiki/16th_century
112,169,Fresnillo, ,Fresnillo,1, ,Mining Camp,0, ,,Acuña 1988;Goyas Mejia 2017: 421,https://www2.usgs.gov/science/records-matching.php?thcode=3&code=850,-104.6796853,19.99004326,https://en.wikipedia.org/wiki/16th_century
164,170,Chalchihuites,Los Chalchihuites,Chalchihuites,1, , ,0, ,,Acuña 1988;Goyas Mejia 2017,https://www2.usgs.gov/science/records-matching.php?thcode=3&code=850,-104.7262954,19.84584298,https://en.wikipedia.org/wiki/16th_century
132,171,Mitique, ,Mitic,1, , ,0, ,,Acuña 1988;Tanck de Estrada 2005: Atlas 1800, ,-104.6794444,19.51166667,https://en.wikipedia.org/wiki/16th_century
87,172,Quauhtlan, , ,2, ,Hill,0, ,,Acuña 1988;Atlas 2010,https://www2.usgs.gov/science/records-matching.php?thcode=3&code=850,-104.701111,19.225278,https://en.wikipedia.org/wiki/16th_century
79,173,Nuchiztlan,Nochiztlan;Nochtlan;Xic Conecan,Nochistlan,1, ,Cabecera,0, ,,Acuña 1988;Tanck de Estrada 2005: Atlas 1800,https://www2.usgs.gov/science/records-matching.php?thcode=3&code=850,-102.8863889,20.41777778,https://en.wikipedia.org/wiki/16th_century
50,175,Ocotic, ,Ocotic,1, , ,0, ,,Acuña 1988;Tanck de Estrada 2005: Atlas 1800,https://www2.usgs.gov/science/records-matching.php?thcode=3&code=850,-102.7930556,20.5425,https://en.wikipedia.org/wiki/16th_century
73,177,Ocotlan,Tasnahui,Ocotlan,1, , ,0, ,,Acuña 1988;Tanck de Estrada 2005: Atlas 1800,https://www2.usgs.gov/science/records-matching.php?thcode=3&code=850,-102.9244444,20.46611111,https://en.wikipedia.org/wiki/16th_century
86,181,Quauhtitlan, ,Cuautitlán de García Barragán,1, ,Sujeto,81,Depends on,,Acuña 1988;Tanck de Estrada 2005: Atlas 1800,https://www2.usgs.gov/science/records-matching.php?thcode=3&code=850,-102.7269444,20.40666667,https://en.wikipedia.org/wiki/16th_century
37,186,Poncitlan, ,Poncitlan,1, , ,0, ,,Acuña 1988;Tanck de Estrada 2005: Atlas 1800,https://www2.usgs.gov/science/records-matching.php?thcode=3&code=850,-102.9272222,20.38916667,https://en.wikipedia.org/wiki/16th_century
83,187,San Miguel,Poncitlan San Miguel;Tolan;Taqualalantahui,San Miguel Zapotitlán,1, , ,0, ,,Acuña 1988;Tanck de Estrada 2005: Atlas 1800,https://www2.usgs.gov/science/records-matching.php?thcode=3&code=850,-102.8238889,20.38222222,https://en.wikipedia.org/wiki/16th_century
165,193,Parroquia de Santa Leocadia, ,Iglesia de Santa Leocadia,1, ,Church,0, ,,Acuña 1988;Tanck de Estrada 2005: Atlas 1800,https://www2.usgs.gov/science/records-matching.php?thcode=3&code=850,-102.8633333,20.37444444,https://en.wikipedia.org/wiki/16th_century
19,200,Puebla de los Ángeles, ,Heroica Puebla de Zaragoza,1, , ,0, ,,Acuña 1988;Google Maps,https://www2.usgs.gov/science/records-matching.php?thcode=3&code=575,33.36158296,35.18357985,https://en.wikipedia.org/wiki/16th_century
82,201,Atengo, ,Atengo,1, ,Cabecera,0, ,,Acuña 1988;Allocated by research,https://www2.usgs.gov/science/records-matching.php?thcode=3&code=1015,-97.03376054,14.27338344,https://en.wikipedia.org/wiki/16th_century
166,202,Huejúcar, ,Huejúcar,1, , ,0, ,,Acuña 1988;Allocated by research,https://www2.usgs.gov/science/records-matching.php?thcode=3&code=1015,-94.64480019,20.00849701,https://en.wikipedia.org/wiki/16th_century
126,206,Teúl, ,Teul,1, , ,0, ,,Acuña 1988;Toponimos50k,https://www2.usgs.gov/science/records-matching.php?thcode=3&code=1209,-98.64196194,19.17833389,https://en.wikipedia.org/wiki/16th_century
170,207,Las Nieves, ,Nieves,1, ,Mining Camp,0, ,,Acuña 1988;Allocated by research,https://www2.usgs.gov/science/records-matching.php?thcode=3&code=1209,-103.6168725,19.51213089,https://en.wikipedia.org/wiki/16th_century
172,209,Apozolco, ,Apazulco (Miguel Hidalgo Viejo),1, , ,0, ,,Acuña 1988;Tanck de Estrada 2005: Atlas 1800,https://www2.usgs.gov/science/records-matching.php?thcode=3&code=850,-103.3755556,19.55388889,https://en.wikipedia.org/wiki/16th_century
28,210,Puerto de la Navidad, ,Navidad,1, ,Harbor,0, ,,Acuña 1988;Allocated by research,https://www2.usgs.gov/science/records-matching.php?thcode=3&code=708,-103.728056,19.242778,https://en.wikipedia.org/wiki/16th_century
72,215,Purificación,Tecomatlan,Villa Purificación,1, ,Villa,0, ,,Acuña 1988;INEGI: MEX_topoloc,https://www2.usgs.gov/science/records-matching.php?thcode=3&code=578,-95.24141798,16.32140045,https://en.wikipedia.org/wiki/16th_century
173,219,Río Balsas, ,Río Balsas,1, ,River,722, ,,Acuña 1988;Google Maps,https://www2.usgs.gov/science/records-matching.php?thcode=3&code=685,-102.5795724,22.77667536,https://en.wikipedia.org/wiki/16th_century
23,223,Río de Taltenango, ,Tlaltenango,1, ,River,0, ,,Acuña 1988;Atlas 2010,https://www2.usgs.gov/science/records-matching.php?thcode=3&code=685,-102.868056,23.174722,https://en.wikipedia.org/wiki/16th_century
181,225,Río de Zayn,Río de Sayn, ,2, ,River,0, ,,Acuña 1988;Atlas 2010,https://www2.usgs.gov/science/records-matching.php?thcode=3&code=685,-103.641111,23.631111,https://en.wikipedia.org/wiki/16th_century
175,231,Río Grande de Tuscacuesco, , ,1, ,River,0, ,,Acuña 1988;Google Maps,https://www2.usgs.gov/science/records-matching.php?thcode=3&code=708,-103.8075634,24.0670951,https://en.wikipedia.org/wiki/16th_century
171,232,Río Grande,Río Grande Fresnillo, ,1, ,River,0, ,,Acuña 1988;Allocated by research,https://www2.usgs.gov/science/records-matching.php?thcode=3&code=710,-104.3197656,19.50744467,https://en.wikipedia.org/wiki/16th_century
44,238,Culiacan, ,Culiacan Rosales,1, , ,0, ,,Acuña 1988;Allocated by research,https://www2.usgs.gov/science/records-matching.php?thcode=3&code=710,-104.3364727,19.49477027,https://en.wikipedia.org/wiki/16th_century
169,239,Apozolco, ,Apozolco,1, , ,0, ,,Acuña 1988;Allocated by research,https://www2.usgs.gov/science/records-matching.php?thcode=3&code=710,-104.2893038,19.50521225,https://en.wikipedia.org/wiki/16th_century
168,240,Atoyaque, ,Atoyac,1, , ,0, ,,Acuña 1988;Allocated by research,https://www2.usgs.gov/science/records-matching.php?thcode=3&code=710,-102.8783412,23.16295664,https://en.wikipedia.org/wiki/16th_century
145,241,Chametla, ,Chametla,1, ,Pueblo,0, ,,Acuña 1988;Atlas 2010,https://www2.usgs.gov/science/records-matching.php?thcode=3&code=1197,-103.921667,23.621944,https://en.wikipedia.org/wiki/16th_century
142,242,Chola, ,Chola,1, , ,0, ,,Acuña 1988;Allocated by research,https://www2.usgs.gov/science/records-matching.php?thcode=3&code=710,-103.7361607,23.63872987,https://en.wikipedia.org/wiki/16th_century
123,245,Salinas de Santa María, ,Salinas de Santa María (no hay nombre actual),1, ,Salt pan,0, ,,Acuña 1988;Google Maps;Google Earth;unikloc10gw,https://www2.usgs.gov/science/records-matching.php?thcode=3&code=685,-103.747419,23.665494,https://en.wikipedia.org/wiki/16th_century
124,246,Peñol Blanco, ,Salinas de Hidalgo,2, ,Salt pan,0, ,,Acuña 1988;Allocated by research,https://www2.usgs.gov/science/records-matching.php?thcode=3&code=710,-103.7846422,23.67769355,https://en.wikipedia.org/wiki/16th_century
51,248,San Gabriel, ,San Gabriel,1, ,Sujeto,363,Depends on,,Acuña 1988;Google Maps;Google Earth;unikloc10gw,https://www2.usgs.gov/science/records-matching.php?thcode=3&code=686,-102.228912,23.477322,https://en.wikipedia.org/wiki/16th_century
134,249,Tlacintla,San Gaspar,San Gaspar De Los Reyes,1, , ,0, ,,Acuña 1988;Atlas 2010,https://www2.usgs.gov/science/records-matching.php?thcode=3&code=686,-101.715556,22.627778,https://en.wikipedia.org/wiki/16th_century
136,251,San Miguel Xalostotitlan, ,Jalostotitlan,1, , ,0, ,,Acuña 1988;Allocated by research,https://www2.usgs.gov/science/records-matching.php?thcode=3&code=710,-103.0079539,20.36082306,https://en.wikipedia.org/wiki/16th_century
101,253,San Luis, ,San Luis Del Agua Caliente,1, , ,0, ,,Acuña 1988;Tanck de Estrada 2005: Atlas 1800,https://www2.usgs.gov/science/records-matching.php?thcode=3&code=850,-103.4597222,21.46305556,https://en.wikipedia.org/wiki/16th_century
102,257,Santa Cruz, ,Santa Cruz (El Grande),1, , ,0, ,,Acuña 1988;Allocated by research,https://www2.usgs.gov/science/records-matching.php?thcode=3&code=710,-103.4668701,21.45102175,https://en.wikipedia.org/wiki/16th_century
176,259,Santa María de los Lagos,Villa de los Lagos,Presidencia Municipal de Lagos de Moreno,1, ,Villa,0, ,,Acuña 1988;Allocated by research,https://www2.usgs.gov/science/records-matching.php?thcode=3&code=710,-105.2391867,20.8305942,https://en.wikipedia.org/wiki/16th_century
100,260,Copsppapit,Santiago,Santiago,1, , ,0, ,,Acuña 1988;Atlas 2010, ,-102.989722,22.649167,https://en.wikipedia.org/wiki/16th_century
174,262,Sayn,Zayn, ,2, ,Mountain Range,0, ,,Acuña 1988;Allocated by research,https://www2.usgs.gov/science/records-matching.php?thcode=3&code=708,-4.020520652,39.85811444,https://en.wikipedia.org/wiki/16th_century
177,263,Iconeuh Quimama, , ,2, ,Mountain Range,0, ,,Acuña 1988;Allocated by research,https://www2.usgs.gov/science/records-matching.php?thcode=3&code=708,-103.9918745,20.61202736,https://en.wikipedia.org/wiki/16th_century
178,264,Sierra La Taquexa,La Taquexa, ,2, ,Mountain Range,0, ,,Acuña 1988;Tanck de Estrada 2005: Atlas 1800,https://www2.usgs.gov/science/records-matching.php?thcode=3&code=850,-102.4638889,21.27583333,https://en.wikipedia.org/wiki/16th_century
91,269,Soyacapan,Soyatiacapan,Cuyacapan,1, ,Sujeto,328,Depends on,,Acuña 1988;Tanck de Estrada 2005: Atlas 1800,https://www2.usgs.gov/science/records-matching.php?thcode=3&code=850,-102.6333333,21.28888889,https://en.wikipedia.org/wiki/16th_century
60,272,Suchitlan, ,Juchitlan,1, ,Sujeto,113,Depends on,,Acuña 1988;Tanck de Estrada 2005: Atlas 1800,https://www2.usgs.gov/science/records-matching.php?thcode=3&code=850,-102.5016667,21.29083333,https://en.wikipedia.org/wiki/16th_century
99,274,Zula,Taccalio,Zula,1, , ,0, ,,Acuña 1988;Tanck de Estrada 2005: Atlas 1800,https://www2.usgs.gov/science/records-matching.php?thcode=3&code=850,-102.6369444,21.39083333,https://en.wikipedia.org/wiki/16th_century
22,279,Tamazula, ,Tamazula De Gordiano,1, , ,0, ,,Acuña 1988;Tanck de Estrada 2005: Atlas 1800,https://www2.usgs.gov/science/records-matching.php?thcode=3&code=850,-102.4652778,21.16833333,https://en.wikipedia.org/wiki/16th_century
137,283,Temacapuli,Tecamapuli,Temacapulin (Temaca),1, , ,0, ,,Acuña 1988;Tanck de Estrada 2005: Atlas 1800,https://www2.usgs.gov/science/records-matching.php?thcode=3&code=850,-102.7063889,21.18805555,https://en.wikipedia.org/wiki/16th_century
36,285,Tecpatitlan, ,Tepatitlan,1, , ,0, ,,Acuña 1988;Tanck de Estrada 2005: Atlas 1800,https://www2.usgs.gov/science/records-matching.php?thcode=3&code=850,-102.3041667,21.22083333,https://en.wikipedia.org/wiki/16th_century
43,287,Teculutlan,Tecolotlan,Tecolotlan,1, ,Cabecera,0, ,,Acuña 1988;Allocated by research,https://www2.usgs.gov/science/records-matching.php?thcode=3&code=708,-102.3308333,21.24583333,https://en.wikipedia.org/wiki/16th_century
80,289,Tenamayuca, ,Tenayuca,1, ,Sujeto,173,Depends on,,Acuña 1988;Tanck de Estrada 2005: Atlas 1800,https://www2.usgs.gov/science/records-matching.php?thcode=3&code=850,-102.5963889,21.53944444,https://en.wikipedia.org/wiki/16th_century
17,290,Tenamaztlan, ,Tenamaxtlan,1, ,Cabecera,0, ,,Acuña 1988;Goyas Mejia 2017;Toponimos50k,https://www2.usgs.gov/science/records-matching.php?thcode=3&code=850,-105.3492217,20.15368889,https://en.wikipedia.org/wiki/16th_century
90,291,Tenango, ,Tenango,1, ,Sujeto,328,Depends on,,Acuña 1988;NGA_GNS,https://www2.usgs.gov/science/records-matching.php?thcode=3&code=850,-105.316667,19.75,https://en.wikipedia.org/wiki/16th_century
58,293,Tepantla, ,Tepantla,1, ,Sujeto,17,Depends on,,Acuña 1988;Allocated by research,https://www2.usgs.gov/science/records-matching.php?thcode=3&code=708,-103.930026,24.14782578,https://en.wikipedia.org/wiki/16th_century
55,295,Tetlan, ,Tetlan,1, , ,0, ,,Acuña 1988;Google Maps,https://www2.usgs.gov/science/records-matching.php?thcode=3&code=850,-102.5720526,22.77608662,https://en.wikipedia.org/wiki/16th_century
48,296,Tetlapanique, ,Tetapan,1, ,Sujeto,363,Depends on,,Acuña 1988;Atlas 2010,https://www2.usgs.gov/science/records-matching.php?thcode=3&code=850,-105.081944,19.538333,https://en.wikipedia.org/wiki/16th_century
77,298,Teucaltiche, ,Teocaltiche,1, , ,0, ,,Acuña 1988;Allocated by research,https://www2.usgs.gov/science/records-matching.php?thcode=3&code=708,-103.6719252,21.81923665,https://en.wikipedia.org/wiki/16th_century
133,301,Teucaltitlan, ,Teocaltitan,1, , ,0, ,,Acuña 1988;Allocated by research,https://www2.usgs.gov/science/records-matching.php?thcode=3&code=708,-103.1379962,21.81083506,https://en.wikipedia.org/wiki/16th_century
26,302,Teutlan, ,Teutlan,1, ,Sujeto,363,Depends on,,Acuña 1988;Google Maps, ,-102.2598674,21.9289316,https://en.wikipedia.org/wiki/16th_century
45,311,Tlaxcala, ,Tlaxcala,1, , ,0, ,,Acuña 1988;Atlas 2010,https://www2.usgs.gov/science/records-matching.php?thcode=3&code=416,-102.295833,21.879722,https://en.wikipedia.org/wiki/16th_century
131,314,Quauhtepetl,Quauhtepeque;Sierra del Águila, ,1, ,Mountain Range,0, ,,Acuña 1988;Atlas 2010, ,-104.178056,20.590556,https://en.wikipedia.org/wiki/16th_century
8,315,Toliman, ,Toliman,1, ,Sujeto,363,Depends on,,Acuña 1988;Allocated by research,https://www2.usgs.gov/science/records-matching.php?thcode=3&code=10,-104.1076803,20.55408363,https://en.wikipedia.org/wiki/16th_century
0,316,Toluca, ,Toluca,1, , ,0, ,,Acuña 1988;Google Maps,https://www2.usgs.gov/science/records-matching.php?thcode=3&code=575,-106.5959335,21.62738389,https://en.wikipedia.org/wiki/16th_century
179,317,Tomatlan, ,Tomatlan,1, , ,0, ,,Acuña 1988;Atlas 2010,https://www2.usgs.gov/science/records-matching.php?thcode=3&code=850,-105.156111,21.304722,https://en.wikipedia.org/wiki/16th_century
32,318,Tonala, ,Tonala,1, , ,0, ,,Acuña 1988;Tanck de Estrada 2005: Atlas 1800,https://www2.usgs.gov/science/records-matching.php?thcode=3&code=850,-102.3925,20.16666667,https://en.wikipedia.org/wiki/16th_century
27,319,Tonaya, ,Tonaya,1, ,Sujeto,328,Depends on,,Acuña 1988;NGA_GNS;Sauer 1990: 70,https://www2.usgs.gov/science/records-matching.php?thcode=3&code=850,-103.9,19.1,https://en.wikipedia.org/wiki/16th_century
97,322,Tototlan,Cuyna;Cuina,Tototlan,1, , ,0, ,,Acuña 1988;Toponimos50k,https://www2.usgs.gov/science/records-matching.php?thcode=3&code=685,-100.8342278,22.18094666,https://en.wikipedia.org/wiki/16th_century
81,324,Toyagua, ,Toyahua de Abajo,1, ,Sujeto,173,Depends on,,Acuña 1988;Atlas 2010,https://www2.usgs.gov/science/records-matching.php?thcode=3&code=685,-103.167222,20.509444,https://en.wikipedia.org/wiki/16th_century
180,327,Tuito, ,Tuito,1, , ,0, ,,Acuña 1988;Atlas 2010,https://www2.usgs.gov/science/records-matching.php?thcode=3&code=685,-104.614722,20.921389,https://en.wikipedia.org/wiki/16th_century
42,328,Tuscacuesco, ,Tuxcacuesco,1, ,Cabecera,0, ,,Acuña 1988;Google Maps,https://www2.usgs.gov/science/records-matching.php?thcode=3&code=685,-103.467499,21.90097933,https://en.wikipedia.org/wiki/16th_century
108,329,Tuspa,Tuchpa,Tuxpan,1, , ,0, ,,Acuña 1988;Tanck de Estrada 2005: Atlas 1800,https://www2.usgs.gov/science/records-matching.php?thcode=3&code=685,-104.0805556,20.76472222,https://en.wikipedia.org/wiki/16th_century
56,334,Valle de Banderas,Ciutla,Valle de Vanderas,1, ,Valley,0, ,,Acuña 1988;Google Maps,https://www2.usgs.gov/science/records-matching.php?thcode=3&code=685,-104.5370583,25.12804728,https://en.wikipedia.org/wiki/16th_century
35,335,Valle de Poanas,Poanas;Puana,Río Poanas,2, ,Valley,0, ,,Acuña 1988;Google Maps,https://www2.usgs.gov/science/records-matching.php?thcode=3&code=685,-102.840556,23.229167,https://en.wikipedia.org/wiki/16th_century
119,336,Valle de Súchil,Súchil,Súchil,1, ,Valley,0, ,,Acuña 1988;Google Maps,https://www2.usgs.gov/science/records-matching.php?thcode=3&code=685,-102.2436274,25.26062207,https://en.wikipedia.org/wiki/16th_century
129,339,Jerez, ,Jerez de García Salinas,1, ,Villa,0, ,,Acuña 1988;Atlas 2010,https://www2.usgs.gov/science/records-matching.php?thcode=3&code=850,-103.883889,23.477222,https://en.wikipedia.org/wiki/16th_century
148,342,Villa de Nuestra Señora de la Asunción, ,Villas de Ntra. Sra. de la Asunción,1, ,Villa,0, ,,Acuña 1988;Google Maps,https://www2.usgs.gov/science/records-matching.php?thcode=3&code=931,-4.028410922,39.85963113,https://en.wikipedia.org/wiki/16th_century
39,343,Villa de Taltenango,Tlaltenango;Taltenango,Tlaltenango,1, ,Villa,0, ,,Acuña 1988;Atlas 2010,https://www2.usgs.gov/science/records-matching.php?thcode=3&code=850,-103.211667,22.362222,https://en.wikipedia.org/wiki/16th_century
18,344,Villa del Nombre de Dios, ,Nombre de Dios,1, ,Villa,0, ,,Acuña 1988;Atlas 2010,https://www2.usgs.gov/science/records-matching.php?thcode=3&code=850,-103.567222,22.771667,https://en.wikipedia.org/wiki/16th_century
107,345,Nevado de Colima, , ,1, ,Volcano,0, ,,Acuña 1988;Tanck de Estrada 2005: Atlas 1800,https://www2.usgs.gov/science/records-matching.php?thcode=3&code=850,-103.5152778,20.00972222,https://en.wikipedia.org/wiki/16th_century
106,346,Volcán y Sierra Nevada, ,Iztaccihuatl,1, ,Volcano,0, ,,Acuña 1988;Tanck de Estrada 2005: Atlas 1800,https://www2.usgs.gov/science/records-matching.php?thcode=3&code=850,-103.9088889,21.42777778,https://en.wikipedia.org/wiki/16th_century
46,347,Xalpa, ,Jalpan,1, , ,0, ,,Acuña 1988;Google Maps,https://www2.usgs.gov/science/records-matching.php?thcode=3&code=685,-103.0201281,23.99646018,https://en.wikipedia.org/wiki/16th_century
30,348,Xamain,Jamain,Jamay,1, , ,0, ,,Acuña 1988;Allocated by research,https://www2.usgs.gov/science/records-matching.php?thcode=3&code=960,-102.9689014,23.44230851,https://en.wikipedia.org/wiki/16th_century
53,352,Xocotitlan,Tecpoyotla;Tecpoyotlan,Jocotitlán,1, , ,0, ,,Acuña 1988;Atlas 2010,https://www2.usgs.gov/science/records-matching.php?thcode=3&code=850,-104.876667,19.371944,https://en.wikipedia.org/wiki/16th_century
15,353,Xocotlan,Jocotlan,Jocotlan,1, , ,0, ,,Acuña 1988;GeoNames_MX,https://www2.usgs.gov/science/records-matching.php?thcode=3&code=960,-99.5835,17.9339,https://en.wikipedia.org/wiki/16th_century
41,354,Xoquilpa, ,Jiquilpan,1, ,Sujeto,363,Depends on,,Acuña 1988;Allocated by research,https://www2.usgs.gov/science/records-matching.php?thcode=3&code=708,-103.0728943,23.04610009,https://en.wikipedia.org/wiki/16th_century
54,356,Yagualica,El Agualica,Yahualica,1, , ,0, ,,Acuña 1988;Allocated by research,https://www2.usgs.gov/science/records-matching.php?thcode=3&code=960,-103.9774109,19.69446537,https://en.wikipedia.org/wiki/16th_century
167,361,Valparaíso, ,Valparaíso,1, , ,0, ,,Acuña 1988;Google Maps, ,-101.9308549,21.35450909,https://en.wikipedia.org/wiki/16th_century
4,362,Zacatula, ,Zacatula,1, , ,0, ,,Acuña 1988;Allocated by research,https://www2.usgs.gov/science/records-matching.php?thcode=3&code=708,-103.8204137,19.99320431,https://en.wikipedia.org/wiki/16th_century
24,363,Zapotitlan, ,Zapotitlan,1, ,Cabecera,0, ,,Acuña 1988;Allocated by research,https://www2.usgs.gov/science/records-matching.php?thcode=3&code=708,-102.5547828,21.24957922,https://en.wikipedia.org/wiki/16th_century
7,365,Zapotlan,Otithonitahui,Ciudad Guzman,1, , ,0, ,,Acuña 1988;Tanck de Estrada 2005: Atlas 1800,https://www2.usgs.gov/science/records-matching.php?thcode=3&code=850,-105.2486111,19.94083333,https://en.wikipedia.org/wiki/16th_century
128,367,Ziutepetl,Xiuhtepetl, ,2, ,Hill,0, ,,Acuña 1988;Tanck de Estrada 2005: Atlas 1800,https://www2.usgs.gov/science/records-matching.php?thcode=3&code=850,-105.3261111,20.31972222,https://en.wikipedia.org/wiki/16th_century
25,369,Zoyatlan, ,Soyatlan,1, ,Sujeto,201,Depends on,,Acuña 1988;Allocated by research,https://www2.usgs.gov/science/records-matching.php?thcode=3&code=960,-103.1166923,23.06722909,https://en.wikipedia.org/wiki/16th_century
